{
  "image": "Screenshot 2025-10-10 174806_png.rf.e8HnDSdX1exZcbRc4M2O.png",
  "image_width": 413,
  "image_height": 500,
  "model_used": "C:\\Users\\harsh\\Videos\\AI for bharat\\runs\\rooftop_seg\\weights\\best.pt",
  "total_rooftops": 2,
  "total_roof_area_sqm": 53.0,
  "rooftops": [
    {
      "id": 1,
      "polygon_pixels": [
        [
          130.72,
          248.44
        ],
        [
          130.72,
          254.69
        ],
        [
          131.5,
          255.47
        ],
        [
          131.5,
          337.5
        ],
        [
          130.72,
          338.28
        ],
        [
          130.72,
          339.06
        ],
        [
          129.94,
          339.84
        ],
        [
          118.22,
          339.84
        ],
        [
          117.44,
          340.62
        ],
        [
          104.16,
          340.62
        ],
        [
          103.38,
          339.84
        ],
        [
          88.53,
          339.84
        ],
        [
          87.75,
          340.62
        ],
        [
          70.56,
          340.62
        ],
        [
          70.56,
          447.66
        ],
        [
          312.75,
          447.66
        ],
        [
          312.75,
          442.97
        ],
        [
          313.53,
          442.19
        ],
        [
          313.53,
          438.28
        ],
        [
          312.75,
          437.5
        ],
        [
          312.75,
          401.56
        ],
        [
          313.53,
          400.78
        ],
        [
          313.53,
          313.28
        ],
        [
          312.75,
          312.5
        ],
        [
          312.75,
          271.09
        ],
        [
          313.53,
          270.31
        ],
        [
          313.53,
          269.53
        ],
        [
          312.75,
          268.75
        ],
        [
          312.75,
          253.12
        ],
        [
          313.53,
          252.34
        ],
        [
          313.53,
          248.44
        ]
      ],
      "polygon_normalized": [
        [
          0.31651,
          0.496875
        ],
        [
          0.31651,
          0.509375
        ],
        [
          0.318402,
          0.510938
        ],
        [
          0.318402,
          0.675
        ],
        [
          0.31651,
          0.676562
        ],
        [
          0.31651,
          0.678125
        ],
        [
          0.314619,
          0.679688
        ],
        [
          0.286244,
          0.679688
        ],
        [
          0.284352,
          0.68125
        ],
        [
          0.252194,
          0.68125
        ],
        [
          0.250303,
          0.679688
        ],
        [
          0.214361,
          0.679688
        ],
        [
          0.21247,
          0.68125
        ],
        [
          0.170854,
          0.68125
        ],
        [
          0.170854,
          0.895312
        ],
        [
          0.757264,
          0.895312
        ],
        [
          0.757264,
          0.885938
        ],
        [
          0.759156,
          0.884375
        ],
        [
          0.759156,
          0.876563
        ],
        [
          0.757264,
          0.875
        ],
        [
          0.757264,
          0.803125
        ],
        [
          0.759156,
          0.801562
        ],
        [
          0.759156,
          0.626563
        ],
        [
          0.757264,
          0.625
        ],
        [
          0.757264,
          0.542188
        ],
        [
          0.759156,
          0.540625
        ],
        [
          0.759156,
          0.539062
        ],
        [
          0.757264,
          0.5375
        ],
        [
          0.757264,
          0.50625
        ],
        [
          0.759156,
          0.504687
        ],
        [
          0.759156,
          0.496875
        ]
      ],
      "roof_area_sqm": 26.7,
      "usable_area_sqm": 18.7,
      "bbox_width_m": 5.0,
      "bbox_height_m": 6.1,
      "inclination_deg": 0,
      "inclination_label": "Flat (0 deg)",
      "solar_metrics": {
        "roof_area_sqm": 26.7,
        "usable_area_sqm": 18.7,
        "num_panels": 9,
        "system_kw": 3.6,
        "daily_kwh": 15.84,
        "annual_kwh": 5782,
        "total_cost_inr": 162000,
        "annual_savings_inr": 46256,
        "payback_years": 3.5,
        "net_profit_25yr_inr": 922156,
        "roi_percent": 569.2,
        "annual_co2_kg": 4741,
        "trees_equivalent": 217,
        "inclination_deg": 0,
        "inclination_label": "Flat (0 deg)",
        "feasibility": "MODERATELY FEASIBLE",
        "feasibility_color": "orange",
        "feasibility_score": 2
      },
      "yearly_savings_inr": [
        46025,
        45795,
        45566,
        45338,
        45111,
        44886,
        44661,
        44438,
        44216,
        43995,
        43775,
        43556,
        43338,
        43121,
        42906,
        42691,
        42478,
        42265,
        42054,
        41844,
        41634,
        41426,
        41219,
        41013,
        40808
      ]
    },
    {
      "id": 2,