{
  "image": "Screenshot 2025-10-10 175235_png.rf.WcJ8Tm6BfzMEtkYoDHvy.png",
  "image_width": 881,
  "image_height": 404,
  "model_used": "C:\\Users\\harsh\\Videos\\AI for bharat\\runs\\rooftop_seg\\weights\\best.pt",
  "total_rooftops": 2,
  "total_roof_area_sqm": 61.8,
  "rooftops": [
    {
      "id": 1,
      "polygon_pixels": [
        [
          269.81,
          127.67
        ],
        [
          269.81,
          148.31
        ],
        [
          271.18,
          149.69
        ],
        [
          271.18,
          166.21
        ],
        [
          269.81,
          167.59
        ],
        [
          268.43,
          167.59
        ],
        [
          267.05,
          168.96
        ],
        [
          250.53,
          168.96
        ],
        [
          249.16,
          167.59
        ],
        [
          206.48,
          167.59
        ],
        [
          205.11,
          168.96
        ],
        [
          172.07,
          168.96
        ],
        [
          170.69,
          170.34
        ],
        [
          155.55,
          170.34
        ],
        [
          154.18,
          171.72
        ],
        [
          141.79,
          171.72
        ],
        [
          140.41,
          170.34
        ],
        [
          134.9,
          170.34
        ],
        [
          134.9,
          335.53
        ],
        [
          333.13,
          335.53
        ],
        [
          333.13,
          331.4
        ],
        [
          334.5,
          330.02
        ],
        [
          351.02,
          330.02
        ],
        [
          352.4,
          328.64
        ],
        [
          421.23,
          328.64
        ],
        [
          422.6,
          327.27
        ],
        [
          430.86,
          327.27
        ],
        [
          430.86,
          228.15
        ],
        [
          426.73,
          228.15
        ],
        [
          425.36,
          226.78
        ],
        [
          425.36,
          206.13
        ],
        [
          423.98,
          204.75
        ],
        [
          423.98,
          127.67
        ]
      ],
      "polygon_normalized": [
        [
          0.30625,
          0.316004
        ],
        [
          0.30625,
          0.367114
        ],
        [
          0.307812,
          0.370521
        ],
        [
          0.307812,
          0.411409
        ],
        [
          0.30625,
          0.414817
        ],
        [
          0.304688,
          0.414817
        ],
        [
          0.303125,
          0.418224
        ],
        [
          0.284375,
          0.418224
        ],
        [
          0.282812,
          0.414817
        ],
        [
          0.234375,
          0.414817
        ],
        [
          0.232812,
          0.418224
        ],
        [
          0.195312,
          0.418224
        ],
        [
          0.19375,
          0.421631
        ],
        [
          0.176562,
          0.421631
        ],
        [
          0.175,
          0.425039
        ],
        [
          0.160937,
          0.425039
        ],
        [
          0.159375,
          0.421631
        ],
        [
          0.153125,
          0.421631
        ],
        [
          0.153125,
          0.830511
        ],
        [
          0.378125,
          0.830511
        ],
        [
          0.378125,
          0.820289
        ],
        [
          0.379688,
          0.816882
        ],
        [
          0.398438,
          0.816882
        ],
        [
          0.4,
          0.813475
        ],
        [
          0.478125,
          0.813475
        ],
        [
          0.479687,
          0.810067
        ],
        [
          0.489062,
          0.810067
        ],
        [
          0.489062,
          0.564739
        ],
        [
          0.484375,
          0.564739
        ],
        [
          0.482813,
          0.561332
        ],
        [
          0.482813,
          0.510222
        ],
        [
          0.48125,
          0.506815
        ],
        [
          0.48125,
          0.316004
        ]
      ],
      "roof_area_sqm": 34.1,
      "usable_area_sqm": 23.9,
      "bbox_width_m": 5.2,
      "bbox_height_m": 7.4,
      "inclination_deg": 10,
      "inclination_label": "Low slope (~10 deg)",
      "solar_metrics": {
        "roof_area_sqm": 34.1,
        "usable_area_sqm": 23.9,
        "num_panels": 11,
        "system_kw": 4.4,
        "daily_kwh": 19.36,
        "annual_kwh": 7066,
        "total_cost_inr": 198000,
        "annual_savings_inr": 56528,
        "payback_years": 3.5,
        "net_profit_25yr_inr": 1126912,
        "roi_percent": 569.1,
        "annual_co2_kg": 5794,
        "trees_equivalent": 266,
        "inclination_deg": 10,
        "inclination_label": "Low slope (~10 deg)",
        "feasibility": "HIGHLY FEASIBLE",
        "feasibility_color": "green",
        "feasibility_score": 3
      },
      "yearly_savings_inr": [
        56245,
        55964,
        55684,
        55406,
        55129,
        54853,
        54579,
        54306,
        54035,
        53764,
        53496,
        53228,
        52962,
        52697,
        52434,
        52171,
        51911,
        51651,
        51393,
        51136,
        50880,
        50626,
        50373,
        50121,
        49870
      ]
    },
    {
      "id": 2,
      "polygon_pixels": [
        [
          542.37,
          83.62
        ],
        [
          542.37,
          241.92
        ],
        [
          820.43,
          241.92
        ],
        [
          820.43,
          235.04
        ],
        [
          821.81,
          233.66
        ],
        [
          821.81,
          196.49
        ],
        [
          823.18,
          195.12
        ],
        [
          827.31,
          195.12
        ],
        [
          827.31,
          166.21
        ],
        [
          823.18,
          166.21
        ],
        [
          821.81,
          164.83
        ],
        [
          821.81,
          151.07
        ],
        [
          820.43,
          149.69
        ],
        [
          820.43,
          115.28
        ],
        [
          819.05,
          113.9
        ],
        [
          819.05,
          83.62
        ]
      ],
      "polygon_normalized": [
        [
          0.615625,
          0.206969
        ],
        [
          0.615625,
          0.598813
        ],
        [
          0.93125,
          0.598813
        ],
        [
          0.93125,
          0.581776
        ],
        [
          0.932812,
          0.578369
        ],
        [
          0.932812,
          0.486371
        ],
        [
          0.934375,
          0.482963
        ],
        [
          0.939062,
          0.482963
        ],
        [
          0.939062,
          0.411409
        ],
        [
          0.934375,
          0.411409
        ],
        [
          0.932812,
          0.408002
        ],
        [
          0.932812,
          0.373929
        ],
        [
          0.93125,
          0.370521
        ],
        [
          0.93125,
          0.285338
        ],
        [
          0.929688,
          0.281931
        ],
        [
          0.929688,
          0.206969
        ]
      ],
      "roof_area_sqm": 27.7,
      "usable_area_sqm": 19.4,
      "bbox_width_m": 4.0,
      "bbox_height_m": 7.1,
      "inclination_deg": 10,
      "inclination_label": "Low slope (~10 deg)",
      "solar_metrics": {
        "roof_area_sqm": 27.7,
        "usable_area_sqm": 19.4,
        "num_panels": 9,
        "system_kw": 3.6,
        "daily_kwh": 15.84,
        "annual_kwh": 5782,
        "total_cost_inr": 162000,
        "annual_savings_inr": 46256,
        "payback_years": 3.5,
        "net_profit_25yr_inr": 922156,
        "roi_percent": 569.2,
        "annual_co2_kg": 4741,