{
  "image": "Screenshot-2024-09-06-015825_png.rf.339c7565bd3c4dac522ab490a77c0661.jpg",
  "image_width": 407,
  "image_height": 382,
  "model_used": "C:\\Users\\harsh\\Videos\\AI for bharat\\runs\\rooftop_seg\\weights\\best.pt",
  "total_rooftops": 1,
  "total_roof_area_sqm": 89.7,
  "rooftops": [
    {
      "id": 1,
      "polygon_pixels": [
        [
          16.53,
          0.0
        ],
        [
          16.53,
          382.0
        ],
        [
          306.52,
          382.0
        ],
        [
          306.52,
          382.0
        ],
        [
          307.79,
          381.78
        ],
        [
          310.34,
          381.78
        ],
        [
          310.97,
          381.15
        ],
        [
          314.15,
          381.15
        ],
        [
          314.79,
          380.51
        ],
        [
          319.24,
          380.51
        ],
        [
          319.88,
          381.15
        ],
        [
          322.42,
          381.15
        ],
        [
          323.06,
          381.78
        ],
        [
          323.69,
          381.78
        ],
        [
          324.33,
          382.0
        ],
        [
          324.96,
          382.0
        ],
        [
          325.6,
          382.0
        ],
        [
          325.6,
          382.0
        ],
        [
          392.37,
          382.0
        ],
        [
          392.37,
          0.0
        ]
      ],
      "polygon_normalized": [
        [
          0.040625,
          0.0
        ],
        [
          0.040625,
          1.0
        ],
        [
          0.753125,
          1.0
        ],
        [
          0.753125,
          1.0
        ],
        [
          0.75625,
          0.999427
        ],
        [
          0.7625,
          0.999427
        ],
        [
          0.764063,
          0.997763
        ],
        [
          0.771875,
          0.997763
        ],
        [
          0.773438,
          0.996098
        ],
        [
          0.784375,
          0.996098
        ],
        [
          0.785938,
          0.997763
        ],
        [
          0.792188,
          0.997763
        ],
        [
          0.79375,
          0.999427
        ],
        [
          0.795313,
          0.999427
        ],
        [
          0.796875,
          1.0
        ],
        [
          0.798438,
          1.0
        ],
        [
          0.8,
          1.0
        ],
        [
          0.8,
          1.0
        ],
        [
          0.964063,
          1.0
        ],
        [
          0.964063,
          0.0
        ]
      ],
      "roof_area_sqm": 89.7,
      "usable_area_sqm": 62.8,
      "bbox_width_m": 9.6,
      "bbox_height_m": 9.4,
      "inclination_deg": 0,
      "inclination_label": "Flat (0 deg)",
      "solar_metrics": {
        "roof_area_sqm": 89.7,
        "usable_area_sqm": 62.8,
        "num_panels": 31,
        "system_kw": 12.4,
        "daily_kwh": 54.56,
        "annual_kwh": 19914,
        "total_cost_inr": 558000,
        "annual_savings_inr": 159312,
        "payback_years": 3.5,
        "net_profit_25yr_inr": 3175982,
        "roi_percent": 569.2,
        "annual_co2_kg": 16329,
        "trees_equivalent": 750,
        "inclination_deg": 0,
        "inclination_label": "Flat (0 deg)",
        "feasibility": "HIGHLY FEASIBLE",
        "feasibility_color": "green",
        "feasibility_score": 3
      },
      "yearly_savings_inr": [
        158515,
        157723,
        156934,
        156150,
        155369,
        154592,
        153819,
        153050,
        152285,
        151523,
        150766,
        150012,
        149262,
        148515,
        147773,
        147034,
        146299,
        145567,
        144840,
        144115,
        143395,
        142678,
        141964,
        141255,
        140548
      ]
    }
  ]
}