{
  "image": "Screenshot 2025-10-10 175310_png.rf.LtDgqDI860jpgxuNAdSo.png",
  "image_width": 756,
  "image_height": 514,
  "model_used": "C:\\Users\\harsh\\Videos\\AI for bharat\\runs\\rooftop_seg\\weights\\best.pt",
  "total_rooftops": 2,
  "total_roof_area_sqm": 79.9,
  "rooftops": [
    {
      "id": 1,
      "polygon_pixels": [
        [
          101.59,
          112.89
        ],
        [
          101.59,
          399.93
        ],
        [
          138.21,
          399.93
        ],
        [
          138.21,
          396.39
        ],
        [
          139.39,
          395.21
        ],
        [
          161.83,
          395.21
        ],
        [
          163.01,
          396.39
        ],
        [
          163.01,
          399.93
        ],
        [
          183.09,
          399.93
        ],
        [
          183.09,
          394.02
        ],
        [
          184.28,
          392.84
        ],
        [
          184.28,
          368.04
        ],
        [
          186.64,
          365.67
        ],
        [
          196.09,
          365.67
        ],
        [
          198.45,
          368.04
        ],
        [
          198.45,
          391.66
        ],
        [
          200.81,
          394.02
        ],
        [
          201.99,
          394.02
        ],
        [
          203.18,
          395.21
        ],
        [
          212.62,
          395.21
        ],
        [
          213.81,
          394.02
        ],
        [
          226.8,
          394.02
        ],
        [
          227.98,
          392.84
        ],
        [
          242.16,
          392.84
        ],
        [
          243.34,
          391.66
        ],
        [
          268.14,
          391.66
        ],
        [
          269.33,
          392.84
        ],
        [
          284.68,
          392.84
        ],
        [
          285.86,
          394.02
        ],
        [
          303.58,
          394.02
        ],
        [
          303.58,
          206.21
        ],
        [
          300.04,
          206.21
        ],
        [
          298.86,
          205.02
        ],
        [
          298.86,
          174.31
        ],
        [
          297.68,
          173.13
        ],
        [
          297.68,
          112.89
        ]
      ],
      "polygon_normalized": [
        [
          0.134375,
          0.219625
        ],
        [
          0.134375,
          0.778076
        ],
        [
          0.182813,
          0.778076
        ],
        [
          0.182813,
          0.771182
        ],
        [
          0.184375,
          0.768884
        ],
        [
          0.214063,
          0.768884
        ],
        [
          0.215625,
          0.771182
        ],
        [
          0.215625,
          0.778076
        ],
        [
          0.242188,
          0.778076
        ],
        [
          0.242188,
          0.766586
        ],
        [
          0.24375,
          0.764287
        ],
        [
          0.24375,
          0.716026
        ],
        [
          0.246875,
          0.71143
        ],
        [
          0.259375,
          0.71143
        ],
        [
          0.2625,
          0.716026
        ],
        [
          0.2625,
          0.761989
        ],
        [
          0.265625,
          0.766586
        ],
        [
          0.267188,
          0.766586
        ],
        [
          0.26875,
          0.768884
        ],
        [
          0.28125,
          0.768884
        ],
        [
          0.282813,
          0.766586
        ],
        [
          0.3,
          0.766586
        ],
        [
          0.301562,
          0.764287
        ],
        [
          0.320312,
          0.764287
        ],
        [
          0.321875,
          0.761989
        ],
        [
          0.354688,
          0.761989
        ],
        [
          0.35625,
          0.764287
        ],
        [
          0.376562,
          0.764287
        ],
        [
          0.378125,
          0.766586
        ],
        [
          0.401563,
          0.766586
        ],
        [
          0.401563,
          0.401179
        ],
        [
          0.396875,
          0.401179
        ],
        [
          0.395313,
          0.398881
        ],
        [
          0.395313,
          0.339129
        ],
        [
          0.39375,
          0.336831
        ],
        [
          0.39375,
          0.219625
        ]
      ],
      "roof_area_sqm": 35.1,
      "usable_area_sqm": 24.6,
      "bbox_width_m": 7.2,
      "bbox_height_m": 5.0,
      "inclination_deg": 10,
      "inclination_label": "Low slope (~10 deg)",
      "solar_metrics": {
        "roof_area_sqm": 35.1,
        "usable_area_sqm": 24.6,
        "num_panels": 12,
        "system_kw": 4.8,
        "daily_kwh": 21.12,
        "annual_kwh": 7709,
        "total_cost_inr": 216000,
        "annual_savings_inr": 61672,
        "payback_years": 3.5,
        "net_profit_25yr_inr": 1229478,
        "roi_percent": 569.2,
        "annual_co2_kg": 6321,
        "trees_equivalent": 290,
        "inclination_deg": 10,
        "inclination_label": "Low slope (~10 deg)",
        "feasibility": "HIGHLY FEASIBLE",
        "feasibility_color": "green",
        "feasibility_score": 3
      },
      "yearly_savings_inr": [
        61364,
        61057,
        60752,
        60448,
        60146,
        59845,
        59546,
        59248,
        58952,
        58657,
        58364,
        58072,
        57781,
        57492,
        57205,
        56919,
        56634,
        56351,
        56069,
        55789,
        55510,
        55233,
        54956,
        54682,
        54408
      ]
    },
    {
      "id": 2,