{
  "image": "Screenshot-2024-09-06-014253_png.rf.d970959cb0fbe99eb63322da10879011.jpg",
  "image_width": 272,
  "image_height": 262,
  "model_used": "C:\\Users\\harsh\\Videos\\AI for bharat\\runs\\rooftop_seg\\weights\\best.pt",
  "total_rooftops": 1,
  "total_roof_area_sqm": 40.6,
  "rooftops": [
    {
      "id": 1,
      "polygon_pixels": [
        [
          14.45,
          6.05
        ],
        [
          14.45,
          258.92
        ],
        [
          271.57,
          258.92
        ],
        [
          271.57,
          6.05
        ]
      ],
      "polygon_normalized": [
        [
          0.053125,
          0.023092
        ],
        [
          0.053125,
          0.988263
        ],
        [
          0.998437,
          0.988263
        ],
        [
          0.998437,
          0.023092
        ]
      ],
      "roof_area_sqm": 40.6,
      "usable_area_sqm": 28.4,
      "bbox_width_m": 6.3,
      "bbox_height_m": 6.4,
      "inclination_deg": 0,
      "inclination_label": "Flat (0 deg)",
      "solar_metrics": {
        "roof_area_sqm": 40.6,
        "usable_area_sqm": 28.4,
        "num_panels": 14,
        "system_kw": 5.6,
        "daily_kwh": 24.64,
        "annual_kwh": 8994,
        "total_cost_inr": 251999,
        "annual_savings_inr": 71952,
        "payback_years": 3.5,
        "net_profit_25yr_inr": 1434424,
        "roi_percent": 569.2,
        "annual_co2_kg": 7375,
        "trees_equivalent": 338,
        "inclination_deg": 0,
        "inclination_label": "Flat (0 deg)",
        "feasibility": "HIGHLY FEASIBLE",
        "feasibility_color": "green",
        "feasibility_score": 3
      },
      "yearly_savings_inr": [
        71592,
        71234,
        70878,
        70524,
        70171,
        69820,
        69471,
        69124,
        68778,
        68434,
        68092,
        67752,
        67413,
        67076,
        66740,
        66407,
        66075,
        65744,
        65416,
        65089,
        64763,
        64439,
        64117,
        63796,
        63478
      ]
    }
  ]
}