{
  "image": "Screenshot 2025-10-07 165432_png.rf.VxOmWg3gPASHukXOas5d.png",
  "image_width": 721,
  "image_height": 552,
  "model_used": "C:\\Users\\harsh\\Videos\\AI for bharat\\runs\\rooftop_seg\\weights\\best.pt",
  "total_rooftops": 1,
  "total_roof_area_sqm": 108.0,
  "rooftops": [
    {
      "id": 1,
      "polygon_pixels": [
        [
          110.4,
          170.1
        ],
        [
          110.4,
          475.4
        ],
        [
          396.55,
          475.4
        ],
        [
          396.55,
          472.02
        ],
        [
          397.68,
          470.9
        ],
        [
          416.83,
          470.9
        ],
        [
          417.95,
          472.02
        ],
        [
          417.95,
          475.4
        ],
        [
          433.73,
          475.4
        ],
        [
          433.73,
          472.02
        ],
        [
          434.85,
          470.9
        ],
        [
          455.13,
          470.9
        ],
        [
          456.26,
          469.77
        ],
        [
          475.41,
          469.77
        ],
        [
          476.54,
          468.64
        ],
        [
          543.0,
          468.64
        ],
        [
          544.13,
          469.77
        ],
        [
          617.36,
          469.77
        ],
        [
          618.48,
          468.64
        ],
        [
          663.55,
          468.64
        ],
        [
          664.67,
          469.77
        ],
        [
          681.57,
          469.77
        ],
        [
          681.57,
          170.1
        ]
      ],
      "polygon_normalized": [
        [
          0.153125,
          0.308158
        ],
        [
          0.153125,
          0.861235
        ],
        [
          0.55,
          0.861235
        ],
        [
          0.55,
          0.855112
        ],
        [
          0.551563,
          0.853071
        ],
        [
          0.578125,
          0.853071
        ],
        [
          0.579687,
          0.855112
        ],
        [
          0.579687,
          0.861235
        ],
        [
          0.601562,
          0.861235
        ],
        [
          0.601562,
          0.855112
        ],
        [
          0.603125,
          0.853071
        ],
        [
          0.63125,
          0.853071
        ],
        [
          0.632812,
          0.85103
        ],
        [
          0.659375,
          0.85103
        ],
        [
          0.660938,
          0.848989
        ],
        [
          0.753125,
          0.848989
        ],
        [
          0.754688,
          0.85103
        ],
        [
          0.85625,
          0.85103
        ],
        [
          0.857812,
          0.848989
        ],
        [
          0.920312,
          0.848989
        ],
        [
          0.921875,
          0.85103
        ],
        [
          0.945312,
          0.85103
        ],
        [
          0.945312,
          0.308158
        ]
      ],
      "roof_area_sqm": 108.0,
      "usable_area_sqm": 75.6,
      "bbox_width_m": 7.6,
      "bbox_height_m": 14.3,
      "inclination_deg": 20,
      "inclination_label": "Moderate slope (~20 deg)",
      "solar_metrics": {
        "roof_area_sqm": 108.0,
        "usable_area_sqm": 75.6,
        "num_panels": 37,
        "system_kw": 14.8,
        "daily_kwh": 65.12,
        "annual_kwh": 23769,
        "total_cost_inr": 666000,
        "annual_savings_inr": 190152,
        "payback_years": 3.5,
        "net_profit_25yr_inr": 3790815,
        "roi_percent": 569.2,
        "annual_co2_kg": 19490,
        "trees_equivalent": 895,
        "inclination_deg": 20,
        "inclination_label": "Moderate slope (~20 deg)",
        "feasibility": "HIGHLY FEASIBLE",
        "feasibility_color": "green",
        "feasibility_score": 3
      },
      "yearly_savings_inr": [
        189201,
        188255,
        187314,
        186377,
        185446,
        184518,
        183596,
        182678,
        181764,
        180855,
        179951,
        179051,
        178156,
        177265,
        176379,
        175497,
        174620,
        173747,
        172878,
        172013,
        171153,
        170298,
        169446,
        168599,
        167756
      ]
    }
  ]
}