{
  "image": "Screenshot 2025-09-30 021953_png.rf.nZnCeGcBR4NMjhh6GeLy.png",
  "image_width": 444,
  "image_height": 308,
  "model_used": "C:\\Users\\harsh\\Videos\\AI for bharat\\runs\\rooftop_seg\\weights\\best.pt",
  "total_rooftops": 1,
  "total_roof_area_sqm": 42.3,
  "rooftops": [
    {
      "id": 1,
      "polygon_pixels": [
        [
          56.89,
          83.24
        ],
        [
          56.89,
          287.89
        ],
        [
          389.19,
          287.89
        ],
        [
          389.19,
          285.81
        ],
        [
          389.89,
          285.12
        ],
        [
          390.58,
          285.12
        ],
        [
          391.27,
          284.43
        ],
        [
          394.74,
          284.43
        ],
        [
          394.74,
          184.53
        ],
        [
          391.27,
          184.53
        ],
        [
          390.58,
          183.83
        ],
        [
          387.11,
          183.83
        ],
        [
          386.42,
          184.53
        ],
        [
          385.03,
          184.53
        ],
        [
          384.34,
          185.22
        ],
        [
          383.64,
          185.22
        ],
        [
          382.95,
          184.53
        ],
        [
          382.95,
          183.83
        ],
        [
          382.26,
          183.14
        ],
        [
          382.26,
          181.06
        ],
        [
          381.56,
          180.36
        ],
        [
          381.56,
          158.86
        ],
        [
          380.87,
          158.16
        ],
        [
          380.87,
          142.9
        ],
        [
          381.56,
          142.21
        ],
        [
          381.56,
          129.72
        ],
        [
          380.87,
          129.02
        ],
        [
          380.87,
          120.01
        ],
        [
          380.18,
          119.31
        ],
        [
          380.18,
          106.13
        ],
        [
          379.48,
          105.44
        ],
        [
          379.48,
          83.24
        ]
      ],
      "polygon_normalized": [
        [
          0.128125,
          0.270252
        ],
        [
          0.128125,
          0.93472
        ],
        [
          0.876563,
          0.93472
        ],
        [
          0.876563,
          0.927963
        ],
        [
          0.878125,
          0.92571
        ],
        [
          0.879688,
          0.92571
        ],
        [
          0.88125,
          0.923458
        ],
        [
          0.889062,
          0.923458
        ],
        [
          0.889062,
          0.599107
        ],
        [
          0.88125,
          0.599107
        ],
        [
          0.879688,
          0.596855
        ],
        [
          0.871875,
          0.596855
        ],
        [
          0.870313,
          0.599107
        ],
        [
          0.867188,
          0.599107
        ],
        [
          0.865625,
          0.60136
        ],
        [
          0.864063,
          0.60136
        ],
        [
          0.8625,
          0.599107
        ],
        [
          0.8625,
          0.596855
        ],
        [
          0.860938,
          0.594602
        ],
        [
          0.860938,
          0.587845
        ],
        [
          0.859375,
          0.585593
        ],
        [
          0.859375,
          0.515767
        ],
        [
          0.857812,
          0.513515
        ],
        [
          0.857812,
          0.463961
        ],
        [
          0.859375,
          0.461709
        ],
        [
          0.859375,
          0.421165
        ],
        [
          0.857812,
          0.418912
        ],
        [
          0.857812,
          0.389631
        ],
        [
          0.85625,
          0.387378
        ],
        [
          0.85625,
          0.344582
        ],
        [
          0.854688,
          0.34233
        ],
        [
          0.854688,
          0.270252
        ]
      ],
      "roof_area_sqm": 42.3,
      "usable_area_sqm": 29.6,
      "bbox_width_m": 5.1,
      "bbox_height_m": 8.4,
      "inclination_deg": 10,
      "inclination_label": "Low slope (~10 deg)",
      "solar_metrics": {
        "roof_area_sqm": 42.3,
        "usable_area_sqm": 29.6,
        "num_panels": 14,
        "system_kw": 5.6,
        "daily_kwh": 24.64,
        "annual_kwh": 8994,
        "total_cost_inr": 251999,
        "annual_savings_inr": 71952,
        "payback_years": 3.5,
        "net_profit_25yr_inr": 1434424,
        "roi_percent": 569.2,
        "annual_co2_kg": 7375,
        "trees_equivalent": 338,
        "inclination_deg": 10,
        "inclination_label": "Low slope (~10 deg)",
        "feasibility": "HIGHLY FEASIBLE",
        "feasibility_color": "green",
        "feasibility_score": 3
      },
      "yearly_savings_inr": [
        71592,
        71234,
        70878,
        70524,
        70171,
        69820,
        69471,
        69124,
        68778,
        68434,
        68092,
        67752,
        67413,
        67076,
        66740,
        66407,
        66075,
        65744,
        65416,
        65089,
        64763,
        64439,
        64117,
        63796,
        63478
      ]
    }
  ]
}