{
  "image": "Screenshot 2025-10-07 110859_png.rf.Mp8ma5wL319pPv4csaEq.png",
  "image_width": 1070,
  "image_height": 538,
  "model_used": "C:\\Users\\harsh\\Videos\\AI for bharat\\runs\\rooftop_seg\\weights\\best.pt",
  "total_rooftops": 2,
  "total_roof_area_sqm": 150.6,
  "rooftops": [
    {
      "id": 1,
      "polygon_pixels": [
        [
          157.16,
          325.84
        ],
        [
          157.16,
          437.86
        ],
        [
          906.16,
          437.86
        ],
        [
          906.16,
          432.84
        ],
        [
          907.83,
          431.17
        ],
        [
          907.83,
          427.83
        ],
        [
          909.5,
          426.16
        ],
        [
          909.5,
          421.14
        ],
        [
          911.17,
          419.47
        ],
        [
          911.17,
          401.08
        ],
        [
          912.84,
          399.41
        ],
        [
          912.84,
          352.59
        ],
        [
          914.52,
          350.92
        ],
        [
          914.52,
          334.2
        ],
        [
          912.84,
          332.53
        ],
        [
          912.84,
          325.84
        ]
      ],
      "polygon_normalized": [
        [
          0.146875,
          0.605658
        ],
        [
          0.146875,
          0.813865
        ],
        [
          0.846875,
          0.813865
        ],
        [
          0.846875,
          0.804542
        ],
        [
          0.848437,
          0.801435
        ],
        [
          0.848437,
          0.79522
        ],
        [
          0.85,
          0.792112
        ],
        [
          0.85,
          0.782789
        ],
        [
          0.851562,
          0.779682
        ],
        [
          0.851562,
          0.745498
        ],
        [
          0.853125,
          0.742391
        ],
        [
          0.853125,
          0.655379
        ],
        [
          0.854688,
          0.652271
        ],
        [
          0.854688,
          0.621195
        ],
        [
          0.853125,
          0.618088
        ],
        [
          0.853125,
          0.605658
        ]
      ],
      "roof_area_sqm": 52.8,
      "usable_area_sqm": 37.0,
      "bbox_width_m": 2.8,
      "bbox_height_m": 18.9,
      "inclination_deg": 35,
      "inclination_label": "Steep slope (~35 deg)",
      "solar_metrics": {
        "roof_area_sqm": 52.8,
        "usable_area_sqm": 37.0,
        "num_panels": 18,
        "system_kw": 7.2,
        "daily_kwh": 31.68,
        "annual_kwh": 11563,
        "total_cost_inr": 324000,
        "annual_savings_inr": 92504,
        "payback_years": 3.5,
        "net_profit_25yr_inr": 1844124,
        "roi_percent": 569.2,
        "annual_co2_kg": 9481,
        "trees_equivalent": 435,
        "inclination_deg": 35,
        "inclination_label": "Steep slope (~35 deg)",
        "feasibility": "HIGHLY FEASIBLE",
        "feasibility_color": "green",
        "feasibility_score": 3
      },
      "yearly_savings_inr": [
        92041,
        91581,
        91123,
        90668,
        90214,
        89763,
        89315,
        88868,
        88424,
        87981,
        87542,
        87104,
        86668,
        86235,
        85804,
        85375,
        84948,
        84523,
        84101,
        83680,
        83262,
        82845,
        82431,
        82019,
        81609
      ]
    },
    {
      "id": 2,
      "polygon_pixels": [
        [
          143.78,
          71.72
        ],
        [
          143.78,
          284.05
        ],
        [
          208.98,
          284.05
        ],
        [
          208.98,
          277.36
        ],
        [
          214.0,
          272.34
        ],
        [
          215.67,
          272.34
        ],
        [
          217.34,
          270.67
        ],
        [
          411.28,
          270.67
        ],
        [
          412.95,
          272.34
        ],
        [
          421.31,
          272.34
        ],
        [
          422.98,
          274.02
        ],
        [
          424.66,
          274.02
        ],
        [
          426.33,
          272.34
        ],
        [
          436.36,
          272.34
        ],
        [
          438.03,
          270.67
        ],
        [
          456.42,
          270.67
        ],
        [
          458.09,
          272.34
        ],
        [
          461.44,
          272.34
        ],
        [
          463.11,
          274.02
        ],
        [
          464.78,
          274.02
        ],
        [
          466.45,
          272.34
        ],
        [
          481.5,
          272.34
        ],
        [
          483.17,
          274.02
        ],
        [
          506.58,
          274.02
        ],
        [
          508.25,
          272.34
        ],
        [
          576.8,
          272.34
        ],
        [
          578.47,
          274.02
        ],
        [
          601.88,
          274.02
        ],
        [
          603.55,
          275.69
        ],
        [
          618.59,
          275.69
        ],
        [
          620.27,
          274.02
        ],
        [
          769.06,
          274.02
        ],
        [
          770.73,
          275.69
        ],
        [
          779.09,
          275.69
        ],
        [
          780.77,
          274.02
        ],
        [
          809.19,
          274.02
        ],
        [
          810.86,
          275.69
        ],
        [
          815.88,
          275.69
        ],
        [
          817.55,
          274.02
        ],
        [
          852.66,
          274.02
        ],
        [
          854.33,
          275.69
        ],
        [
          927.89,
          275.69
        ],
        [
          929.56,
          274.02
        ],
        [
          931.23,
          274.02
        ],
        [
          932.91,
          272.34
        ],
        [
          937.92,
          272.34
        ],
        [
          937.92,
          80.08
        ],
        [
          922.88,
          80.08
        ],
        [
          921.2,
          78.41
        ],
        [
          911.17,
          78.41
        ],
        [
          909.5,
          76.73
        ],
        [
          909.5,
          71.72
        ],
        [
          807.52,
          71.72
        ],
        [
          807.52,
          76.73
        ],
        [
          805.84,
          78.41
        ],
        [
          784.11,
          78.41
        ],
        [
          782.44,
          76.73
        ],
        [
          782.44,
          71.72
        ],
        [
          713.89,
          71.72
        ],
        [
          713.89,
          78.41
        ],
        [
          712.22,
          80.08
        ],
        [
          712.22,
          81.75
        ],
        [
          710.55,
          83.42
        ],
        [
          710.55,
          91.78
        ],
        [
          705.53,
          96.8
        ],
        [
          673.77,
          96.8
        ],
        [
          672.09,
          95.12
        ],
        [
          657.05,
          95.12
        ],
        [
          655.38,
          96.8
        ],
        [
          643.67,
          96.8
        ],
        [
          642.0,
          95.12
        ],
        [
          638.66,
          95.12
        ],
        [
          636.98,
          93.45
        ],
        [
          636.98,
          91.78
        ],
        [
          635.31,
          90.11
        ],
        [
          635.31,
          83.42
        ],
        [
          633.64,
          81.75
        ],
        [
          633.64,
          80.08
        ],
        [
          631.97,
          78.41
        ],
        [
          631.97,
          71.72
        ],
        [
          548.38,
