{
  "image": "Screenshot 2025-10-10 175004_png.rf.R39JfD0WSDPs42HFGC1D.png",
  "image_width": 346,
  "image_height": 657,
  "model_used": "C:\\Users\\harsh\\Videos\\AI for bharat\\runs\\rooftop_seg\\weights\\best.pt",
  "total_rooftops": 2,
  "total_roof_area_sqm": 71.6,
  "rooftops": [
    {
      "id": 1,
      "polygon_pixels": [
        [
          39.55,
          351.08
        ],
        [
          39.55,
          616.96
        ],
        [
          256.15,
          616.96
        ],
        [
          256.15,
          351.08
        ]
      ],
      "polygon_normalized": [
        [
          0.114297,
          0.534375
        ],
        [
          0.114297,
          0.939062
        ],
        [
          0.740322,
          0.939062
        ],
        [
          0.740322,
          0.534375
        ]
      ],
      "roof_area_sqm": 36.0,
      "usable_area_sqm": 25.2,
      "bbox_width_m": 6.6,
      "bbox_height_m": 5.4,
      "inclination_deg": 0,
      "inclination_label": "Flat (0 deg)",
      "solar_metrics": {
        "roof_area_sqm": 36.0,
        "usable_area_sqm": 25.2,
        "num_panels": 12,
        "system_kw": 4.8,
        "daily_kwh": 21.12,
        "annual_kwh": 7709,
        "total_cost_inr": 216000,
        "annual_savings_inr": 61672,
        "payback_years": 3.5,
        "net_profit_25yr_inr": 1229478,
        "roi_percent": 569.2,
        "annual_co2_kg": 6321,
        "trees_equivalent": 290,
        "inclination_deg": 0,
        "inclination_label": "Flat (0 deg)",
        "feasibility": "HIGHLY FEASIBLE",
        "feasibility_color": "green",
        "feasibility_score": 3
      },
      "yearly_savings_inr": [
        61364,
        61057,
        60752,
        60448,
        60146,
        59845,
        59546,
        59248,
        58952,
        58657,
        58364,
        58072,
        57781,
        57492,
        57205,
        56919,
        56634,
        56351,
        56069,
        55789,
        55510,
        55233,
        54956,
        54682,
        54408
      ]
    },
    {
      "id": 2,
      "polygon_pixels": [
        [
          39.55,
          26.69
        ],
        [
          39.55,
          290.52
        ],
        [
          71.37,
          290.52
        ],
        [
          72.4,
          291.54
        ],
        [
          208.93,
          291.54
        ],
        [
          209.96,
          290.52
        ],
        [
          253.07,
          290.52
        ],
        [
          253.07,
          289.49
        ],
        [
          254.1,
          288.46
        ],
        [
          254.1,
          287.44
        ],
        [
          255.12,
          286.41
        ],
        [
          255.12,
          74.94
        ],
        [
          256.15,
          73.91
        ],
        [
          256.15,
          50.3
        ],
        [
          255.12,
          49.28
        ],
        [
          255.12,
          26.69
        ]
      ],
      "polygon_normalized": [
        [
          0.114297,
          0.040625
        ],
        [
          0.114297,
          0.442187
        ],
        [
          0.206273,
          0.442187
        ],
        [
          0.20924,
          0.44375
        ],
        [
          0.603843,
          0.44375
        ],
        [
          0.60681,
          0.442187
        ],
        [
          0.731422,
          0.442187
        ],
        [
          0.731422,
          0.440625
        ],
        [
          0.734389,
          0.439063
        ],
        [
          0.734389,
          0.4375
        ],
        [
          0.737355,
          0.435938
        ],
        [
          0.737355,
          0.114063
        ],
        [
          0.740322,
          0.1125
        ],
        [
          0.740322,
          0.076563
        ],
        [
          0.737355,
          0.075
        ],
        [
          0.737355,
          0.040625
        ]
      ],
      "roof_area_sqm": 35.6,
      "usable_area_sqm": 25.0,
      "bbox_width_m": 6.6,
      "bbox_height_m": 5.4,
      "inclination_deg": 0,
      "inclination_label": "Flat (0 deg)",
      "solar_metrics": {
        "roof_area_sqm": 35.6,
        "usable_area_sqm": 25.0,
        "num_panels": 12,
        "system_kw": 4.8,
        "daily_kwh": 21.12,
        "annual_kwh": 7709,
        "total_cost_inr": 216000,
        "annual_savings_inr": 61672,
        "payback_years": 3.5,
        "net_profit_25yr_inr": 1229478,
        "roi_percent": 569.2,
        "annual_co2_kg": 6321,
        "trees_equivalent": 290,
        "inclination_deg": 0,
        "inclination_label": "Flat (0 deg)",
        "feasibility": "HIGHLY FEASIBLE",
        "feasibility_color": "green",
        "feasibility_score": 3
      },
      "yearly_savings_inr": [
        61364,
        61057,
        60752,
        60448,
        60146,
        59845,
        59546,
        59248,
        58952,
        58657,
        58364,
        58072,
        57781,
        57492,
        57205,
        56919,
        56634,
        56351,
        56069,
        55789,
        55510,
        55233,
        54956,
        54682,
        54408
      ]
    }
  ]
}