{
  "image": "Screenshot 2025-09-30 020957_png.rf.vEGIGtLQvt7kuBtv1zv4.png",
  "image_width": 298,
  "image_height": 449,
  "model_used": "C:\\Users\\harsh\\Videos\\AI for bharat\\runs\\rooftop_seg\\weights\\best.pt",
  "total_rooftops": 1,
  "total_roof_area_sqm": 27.9,
  "rooftops": [
    {
      "id": 1,
      "polygon_pixels": [
        [
          52.18,
          79.98
        ],
        [
          52.18,
          378.14
        ],
        [
          55.69,
          378.14
        ],
        [
          56.39,
          378.84
        ],
        [
          78.14,
          378.84
        ],
        [
          78.84,
          378.14
        ],
        [
          87.26,
          378.14
        ],
        [
          87.96,
          377.44
        ],
        [
          109.01,
          377.44
        ],
        [
          109.71,
          376.74
        ],
        [
          151.81,
          376.74
        ],
        [
          152.51,
          377.44
        ],
        [
          160.22,
          377.44
        ],
        [
          160.93,
          378.14
        ],
        [
          170.05,
          378.14
        ],
        [
          170.75,
          378.84
        ],
        [
          193.9,
          378.84
        ],
        [
          194.6,
          379.55
        ],
        [
          195.3,
          379.55
        ],
        [
          196.0,
          378.84
        ],
        [
          199.51,
          378.84
        ],
        [
          200.21,
          378.14
        ],
        [
          203.02,
          378.14
        ],
        [
          203.02,
          347.27
        ],
        [
          200.92,
          347.27
        ],
        [
          200.21,
          346.57
        ],
        [
          200.21,
          340.96
        ],
        [
          200.92,
          340.26
        ],
        [
          203.02,
          340.26
        ],
        [
          203.02,
          312.9
        ],
        [
          200.92,
          312.9
        ],
        [
          200.21,
          312.2
        ],
        [
          200.21,
          244.14
        ],
        [
          200.92,
          243.44
        ],
        [
          203.02,
          243.44
        ],
        [
          203.02,
          79.98
        ]
      ],
      "polygon_normalized": [
        [
          0.175115,
          0.178125
        ],
        [
          0.175115,
          0.842187
        ],
        [
          0.186887,
          0.842187
        ],
        [
          0.189241,
          0.84375
        ],
        [
          0.262222,
          0.84375
        ],
        [
          0.264576,
          0.842187
        ],
        [
          0.292827,
          0.842187
        ],
        [
          0.295181,
          0.840625
        ],
        [
          0.365808,
          0.840625
        ],
        [
          0.368163,
          0.839062
        ],
        [
          0.509417,
          0.839062
        ],
        [
          0.511771,
          0.840625
        ],
        [
          0.537668,
          0.840625
        ],
        [
          0.540022,
          0.842187
        ],
        [
          0.570627,
          0.842187
        ],
        [
          0.572981,
          0.84375
        ],
        [
          0.650671,
          0.84375
        ],
        [
          0.653025,
          0.845313
        ],
        [
          0.65538,
          0.845313
        ],
        [
          0.657734,
          0.84375
        ],
        [
          0.669505,
          0.84375
        ],
        [
          0.671859,
          0.842187
        ],
        [
          0.681276,
          0.842187
        ],
        [
          0.681276,
          0.773438
        ],
        [
          0.674214,
          0.773438
        ],
        [
          0.671859,
          0.771875
        ],
        [
          0.671859,
          0.759375
        ],
        [
          0.674214,
          0.757812
        ],
        [
          0.681276,
          0.757812
        ],
        [
          0.681276,
          0.696875
        ],
        [
          0.674214,
          0.696875
        ],
        [
          0.671859,
          0.695312
        ],
        [
          0.671859,
          0.54375
        ],
        [
          0.674214,
          0.542187
        ],
        [
          0.681276,
          0.542187
        ],
        [
          0.681276,
          0.178125
        ]
      ],
      "roof_area_sqm": 27.9,
      "usable_area_sqm": 19.6,
      "bbox_width_m": 7.5,
      "bbox_height_m": 3.8,
      "inclination_deg": 20,
      "inclination_label": "Moderate slope (~20 deg)",
      "solar_metrics": {
        "roof_area_sqm": 27.9,
        "usable_area_sqm": 19.6,
        "num_panels": 9,
        "system_kw": 3.6,
        "daily_kwh": 15.84,
        "annual_kwh": 5782,
        "total_cost_inr": 162000,
        "annual_savings_inr": 46256,
        "payback_years": 3.5,
        "net_profit_25yr_inr": 922156,
        "roi_percent": 569.2,
        "annual_co2_kg": 4741,
        "trees_equivalent": 217,
        "inclination_deg": 20,
        "inclination_label": "Moderate slope (~20 deg)",
        "feasibility": "MODERATELY FEASIBLE",
        "feasibility_color": "orange",
        "feasibility_score": 2
      },
      "yearly_savings_inr": [
        46025,
        45795,
        45566,
        45338,
        45111,
        44886,
        44661,
        44438,
        44216,
        43995,
        43775,
        43556,
        43338,
        43121,
        42906,
        42691,
        42478,
        42265,
        42054,
        41844,
        41634,
        41426,
        41219,
        41013,
        40808
      ]
    }
  ]
}