{
  "image": "Screenshot 2025-10-07 165426_png.rf.3TtKGFPQU1hNxeBucAg8.png",
  "image_width": 665,
  "image_height": 463,
  "model_used": "C:\\Users\\harsh\\Videos\\AI for bharat\\runs\\rooftop_seg\\weights\\best.pt",
  "total_rooftops": 1,
  "total_roof_area_sqm": 106.8,
  "rooftops": [
    {
      "id": 1,
      "polygon_pixels": [
        [
          60.27,
          96.42
        ],
        [
          60.27,
          402.95
        ],
        [
          95.59,
          402.95
        ],
        [
          95.59,
          399.83
        ],
        [
          96.63,
          398.79
        ],
        [
          117.41,
          398.79
        ],
        [
          118.45,
          397.75
        ],
        [
          139.23,
          397.75
        ],
        [
          140.27,
          396.71
        ],
        [
          231.71,
          396.71
        ],
        [
          232.75,
          397.75
        ],
        [
          237.95,
          397.75
        ],
        [
          238.98,
          396.71
        ],
        [
          299.25,
          396.71
        ],
        [
          300.29,
          397.75
        ],
        [
          307.56,
          397.75
        ],
        [
          308.6,
          398.79
        ],
        [
          324.19,
          398.79
        ],
        [
          325.23,
          397.75
        ],
        [
          355.36,
          397.75
        ],
        [
          356.4,
          396.71
        ],
        [
          364.71,
          396.71
        ],
        [
          365.75,
          397.75
        ],
        [
          371.98,
          397.75
        ],
        [
          373.02,
          396.71
        ],
        [
          406.27,
          396.71
        ],
        [
          407.31,
          395.67
        ],
        [
          499.79,
          395.67
        ],
        [
          500.83,
          396.71
        ],
        [
          579.8,
          396.71
        ],
        [
          580.84,
          395.67
        ],
        [
          617.2,
          395.67
        ],
        [
          618.24,
          396.71
        ],
        [
          628.63,
          396.71
        ],
        [
          628.63,
          96.42
        ]
      ],
      "polygon_normalized": [
        [
          0.090625,
          0.208255
        ],
        [
          0.090625,
          0.870292
        ],
        [
          0.14375,
          0.870292
        ],
        [
          0.14375,
          0.86356
        ],
        [
          0.145313,
          0.861315
        ],
        [
          0.176563,
          0.861315
        ],
        [
          0.178125,
          0.859071
        ],
        [
          0.209375,
          0.859071
        ],
        [
          0.210938,
          0.856827
        ],
        [
          0.348438,
          0.856827
        ],
        [
          0.35,
          0.859071
        ],
        [
          0.357812,
          0.859071
        ],
        [
          0.359375,
          0.856827
        ],
        [
          0.45,
          0.856827
        ],
        [
          0.451562,
          0.859071
        ],
        [
          0.4625,
          0.859071
        ],
        [
          0.464062,
          0.861315
        ],
        [
          0.4875,
          0.861315
        ],
        [
          0.489063,
          0.859071
        ],
        [
          0.534375,
          0.859071
        ],
        [
          0.535937,
          0.856827
        ],
        [
          0.548438,
          0.856827
        ],
        [
          0.55,
          0.859071
        ],
        [
          0.559375,
          0.859071
        ],
        [
          0.560937,
          0.856827
        ],
        [
          0.610938,
          0.856827
        ],
        [
          0.6125,
          0.854583
        ],
        [
          0.751563,
          0.854583
        ],
        [
          0.753125,
          0.856827
        ],
        [
          0.871875,
          0.856827
        ],
        [
          0.873437,
          0.854583
        ],
        [
          0.928125,
          0.854583
        ],
        [
          0.929688,
          0.856827
        ],
        [
          0.945312,
          0.856827
        ],
        [
          0.945312,
          0.208255
        ]
      ],
      "roof_area_sqm": 106.8,
      "usable_area_sqm": 74.8,
      "bbox_width_m": 7.7,
      "bbox_height_m": 14.2,
      "inclination_deg": 20,
      "inclination_label": "Moderate slope (~20 deg)",
      "solar_metrics": {
        "roof_area_sqm": 106.8,
        "usable_area_sqm": 74.8,
        "num_panels": 37,
        "system_kw": 14.8,
        "daily_kwh": 65.12,
        "annual_kwh": 23769,
        "total_cost_inr": 666000,
        "annual_savings_inr": 190152,
        "payback_years": 3.5,
        "net_profit_25yr_inr": 3790815,
        "roi_percent": 569.2,
        "annual_co2_kg": 19490,
        "trees_equivalent": 895,
        "inclination_deg": 20,
        "inclination_label": "Moderate slope (~20 deg)",
        "feasibility": "HIGHLY FEASIBLE",
        "feasibility_color": "green",
        "feasibility_score": 3
      },
      "yearly_savings_inr": [
        189201,
        188255,
        187314,
        186377,
        185446,
        184518,
        183596,
        182678,
        181764,
        180855,
        179951,
        179051,
        178156,
        177265,
        176379,
        175497,
        174620,
        173747,
        172878,
        172013,
        171153,
        170298,
        169446,
        168599,
        167756
      ]
    }
  ]
}