{
  "image": "Screenshot 2025-10-10 174725_png.rf.S19b1S98NefSFY1yw2ru.png",
  "image_width": 481,
  "image_height": 458,
  "model_used": "C:\\Users\\harsh\\Videos\\AI for bharat\\runs\\rooftop_seg\\weights\\best.pt",
  "total_rooftops": 2,
  "total_roof_area_sqm": 69.9,
  "rooftops": [
    {
      "id": 1,
      "polygon_pixels": [
        [
          263.05,
          92.22
        ],
        [
          263.05,
          371.8
        ],
        [
          266.05,
          371.8
        ],
        [
          268.31,
          374.05
        ],
        [
          268.31,
          377.06
        ],
        [
          289.35,
          377.06
        ],
        [
          289.35,
          374.8
        ],
        [
          290.1,
          374.05
        ],
        [
          291.61,
          374.05
        ],
        [
          292.36,
          373.3
        ],
        [
          319.41,
          373.3
        ],
        [
          320.17,
          374.05
        ],
        [
          323.92,
          374.05
        ],
        [
          324.68,
          374.8
        ],
        [
          324.68,
          377.06
        ],
        [
          359.25,
          377.06
        ],
        [
          359.25,
          374.8
        ],
        [
          360.0,
          374.05
        ],
        [
          363.76,
          374.05
        ],
        [
          364.51,
          373.3
        ],
        [
          384.8,
          373.3
        ],
        [
          385.55,
          372.55
        ],
        [
          396.83,
          372.55
        ],
        [
          397.58,
          371.8
        ],
        [
          434.4,
          371.8
        ],
        [
          435.15,
          372.55
        ],
        [
          455.45,
          372.55
        ],
        [
          456.95,
          371.05
        ],
        [
          456.95,
          369.54
        ],
        [
          457.7,
          368.79
        ],
        [
          457.7,
          365.03
        ],
        [
          458.45,
          364.28
        ],
        [
          460.71,
          364.28
        ],
        [
          460.71,
          95.97
        ],
        [
          458.45,
          95.97
        ],
        [
          457.7,
          95.22
        ],
        [
          457.7,
          92.22
        ]
      ],
      "polygon_normalized": [
        [
          0.546875,
          0.201344
        ],
        [
          0.546875,
          0.811784
        ],
        [
          0.553125,
          0.811784
        ],
        [
          0.557813,
          0.816706
        ],
        [
          0.557813,
          0.82327
        ],
        [
          0.601562,
          0.82327
        ],
        [
          0.601562,
          0.818347
        ],
        [
          0.603125,
          0.816706
        ],
        [
          0.60625,
          0.816706
        ],
        [
          0.607813,
          0.815066
        ],
        [
          0.664062,
          0.815066
        ],
        [
          0.665625,
          0.816706
        ],
        [
          0.673438,
          0.816706
        ],
        [
          0.675,
          0.818347
        ],
        [
          0.675,
          0.82327
        ],
        [
          0.746875,
          0.82327
        ],
        [
          0.746875,
          0.818347
        ],
        [
          0.748438,
          0.816706
        ],
        [
          0.75625,
          0.816706
        ],
        [
          0.757812,
          0.815066
        ],
        [
          0.8,
          0.815066
        ],
        [
          0.801563,
          0.813425
        ],
        [
          0.825,
          0.813425
        ],
        [
          0.826563,
          0.811784
        ],
        [
          0.903125,
          0.811784
        ],
        [
          0.904688,
          0.813425
        ],
        [
          0.946875,
          0.813425
        ],
        [
          0.95,
          0.810143
        ],
        [
          0.95,
          0.806861
        ],
        [
          0.951563,
          0.80522
        ],
        [
          0.951563,
          0.797015
        ],
        [
          0.953125,
          0.795374
        ],
        [
          0.957813,
          0.795374
        ],
        [
          0.957813,
          0.209549
        ],
        [
          0.953125,
          0.209549
        ],
        [
          0.951563,
          0.207908
        ],
        [
          0.951563,
          0.201344
        ]
      ],
      "roof_area_sqm": 34.8,
      "usable_area_sqm": 24.3,
      "bbox_width_m": 7.1,
      "bbox_height_m": 4.9,
      "inclination_deg": 10,
      "inclination_label": "Low slope (~10 deg)",
      "solar_metrics": {
        "roof_area_sqm": 34.8,
        "usable_area_sqm": 24.3,
        "num_panels": 12,
        "system_kw": 4.8,
        "daily_kwh": 21.12,
        "annual_kwh": 7709,
        "total_cost_inr": 216000,
        "annual_savings_inr": 61672,
        "payback_years": 3.5,
        "net_profit_25yr_inr": 1229478,
        "roi_percent": 569.2,
        "annual_co2_kg": 6321,
        "trees_equivalent": 290,
        "inclination_deg": 10,
        "inclination_label": "Low slope (~10 deg)",
        "feasibility": "HIGHLY FEASIBLE",
        "feasibility_color": "green",
        "feasibility_score": 3
      },
      "yearly_savings_inr": [
        61364,
        61057,
        60752,
        60448,
        60146,
        59845,
        59546,
        59248,
        58952,
        58657,
        58364,
        58072,
        57781,
        57492,
        57205,
        56919,
        56634,
        56351,
        56069,
        55789,
        55510,
        55233,
        54956,
        54682,
        54408
      ]
    },
    {
      "id": 2,