{
  "image": "Screenshot 2025-10-10 174856_png.rf.RD2vY00NAuSwVmQQC45O.png",
  "image_width": 491,
  "image_height": 451,
  "model_used": "C:\\Users\\harsh\\Videos\\AI for bharat\\runs\\rooftop_seg\\weights\\best.pt",
  "total_rooftops": 2,
  "total_roof_area_sqm": 62.0,
  "rooftops": [
    {
      "id": 1,
      "polygon_pixels": [
        [
          44.5,
          67.46
        ],
        [
          44.5,
          307.59
        ],
        [
          47.57,
          307.59
        ],
        [
          48.33,
          308.36
        ],
        [
          55.24,
          308.36
        ],
        [
          56.0,
          309.12
        ],
        [
          58.31,
          309.12
        ],
        [
          59.07,
          309.89
        ],
        [
          59.07,
          312.19
        ],
        [
          235.53,
          312.19
        ],
        [
          235.53,
          307.59
        ],
        [
          236.29,
          306.82
        ],
        [
          236.29,
          213.23
        ],
        [
          235.53,
          212.46
        ],
        [
          235.53,
          185.61
        ],
        [
          236.29,
          184.84
        ],
        [
          236.29,
          151.85
        ],
        [
          235.53,
          151.08
        ],
        [
          235.53,
          131.14
        ],
        [
          234.76,
          130.37
        ],
        [
          157.27,
          130.37
        ],
        [
          156.51,
          131.14
        ],
        [
          148.83,
          131.14
        ],
        [
          148.07,
          130.37
        ],
        [
          146.53,
          130.37
        ],
        [
          145.0,
          128.83
        ],
        [
          145.0,
          127.3
        ],
        [
          144.23,
          126.53
        ],
        [
          144.23,
          124.23
        ],
        [
          145.0,
          123.46
        ],
        [
          145.0,
          79.73
        ],
        [
          144.23,
          78.97
        ],
        [
          144.23,
          71.3
        ],
        [
          145.0,
          70.53
        ],
        [
          145.0,
          67.46
        ]
      ],
      "polygon_normalized": [
        [
          0.090625,
          0.149577
        ],
        [
          0.090625,
          0.682016
        ],
        [
          0.096875,
          0.682016
        ],
        [
          0.098438,
          0.683717
        ],
        [
          0.1125,
          0.683717
        ],
        [
          0.114063,
          0.685418
        ],
        [
          0.11875,
          0.685418
        ],
        [
          0.120313,
          0.687119
        ],
        [
          0.120313,
          0.692222
        ],
        [
          0.479688,
          0.692222
        ],
        [
          0.479688,
          0.682016
        ],
        [
          0.48125,
          0.680315
        ],
        [
          0.48125,
          0.472783
        ],
        [
          0.479688,
          0.471082
        ],
        [
          0.479688,
          0.411544
        ],
        [
          0.48125,
          0.409843
        ],
        [
          0.48125,
          0.336696
        ],
        [
          0.479688,
          0.334995
        ],
        [
          0.479688,
          0.290767
        ],
        [
          0.478125,
          0.289066
        ],
        [
          0.320312,
          0.289066
        ],
        [
          0.31875,
          0.290767
        ],
        [
          0.303125,
          0.290767
        ],
        [
          0.301563,
          0.289066
        ],
        [
          0.298438,
          0.289066
        ],
        [
          0.295313,
          0.285664
        ],
        [
          0.295313,
          0.282262
        ],
        [
          0.29375,
          0.280561
        ],
        [
          0.29375,
          0.275457
        ],
        [
          0.295313,
          0.273756
        ],
        [
          0.295313,
          0.176795
        ],
        [
          0.29375,
          0.175094
        ],
        [
          0.29375,
          0.158083
        ],
        [
          0.295313,
          0.156382
        ],
        [
          0.295313,
          0.149577
        ]
      ],
      "roof_area_sqm": 25.7,
      "usable_area_sqm": 18.0,
      "bbox_width_m": 6.1,
      "bbox_height_m": 4.8,
      "inclination_deg": 0,
      "inclination_label": "Flat (0 deg)",
      "solar_metrics": {
        "roof_area_sqm": 25.7,
        "usable_area_sqm": 18.0,
        "num_panels": 8,
        "system_kw": 3.2,
        "daily_kwh": 14.08,
        "annual_kwh": 5139,
        "total_cost_inr": 144000,
        "annual_savings_inr": 41112,
        "payback_years": 3.5,
        "net_profit_25yr_inr": 819590,
        "roi_percent": 569.2,
        "annual_co2_kg": 4213,
        "trees_equivalent": 193,
        "inclination_deg": 0,
        "inclination_label": "Flat (0 deg)",
        "feasibility": "MODERATELY FEASIBLE",
        "feasibility_color": "orange",
        "feasibility_score": 2
      },
      "yearly_savings_inr": [
        40906,
        40702,
        40498,
        40296,
        40094,
        39894,
        39694,
        39496,
        39299,
        39102,
        38907,
        38712,
        38518,
        38326,
        38134,
        37944,
        37754,
        37565,
        37377,
        37190,
        37004,
        36819,
        36635,
        36452,
        36270
      ]
    },
    {
      "id": 2,