{
  "image": "Screenshot 2025-09-30 021904_png.rf.z0EeT5GpEYenpGh3s7xy.png",
  "image_width": 395,
  "image_height": 272,
  "model_used": "C:\\Users\\harsh\\Videos\\AI for bharat\\runs\\rooftop_seg\\weights\\best.pt",
  "total_rooftops": 1,
  "total_roof_area_sqm": 28.2,
  "rooftops": [
    {
      "id": 1,
      "polygon_pixels": [
        [
          174.05,
          45.89
        ],
        [
          174.05,
          49.59
        ],
        [
          173.43,
          50.21
        ],
        [
          173.43,
          51.45
        ],
        [
          174.05,
          52.06
        ],
        [
          174.05,
          90.33
        ],
        [
          171.58,
          92.8
        ],
        [
          169.73,
          92.8
        ],
        [
          169.11,
          93.41
        ],
        [
          166.02,
          93.41
        ],
        [
          165.41,
          94.03
        ],
        [
          162.94,
          94.03
        ],
        [
          162.32,
          93.41
        ],
        [
          159.23,
          93.41
        ],
        [
          158.62,
          94.03
        ],
        [
          158.0,
          94.03
        ],
        [
          156.77,
          95.27
        ],
        [
          156.77,
          120.57
        ],
        [
          157.38,
          121.19
        ],
        [
          157.38,
          139.7
        ],
        [
          156.15,
          140.94
        ],
        [
          155.53,
          140.94
        ],
        [
          154.91,
          141.55
        ],
        [
          145.66,
          141.55
        ],
        [
          145.04,
          140.94
        ],
        [
          108.62,
          140.94
        ],
        [
          108.01,
          140.32
        ],
        [
          95.05,
          140.32
        ],
        [
          94.43,
          140.94
        ],
        [
          87.64,
          140.94
        ],
        [
          87.64,
          242.16
        ],
        [
          128.99,
          242.16
        ],
        [
          129.61,
          241.54
        ],
        [
          349.95,
          241.54
        ],
        [
          350.56,
          242.16
        ],
        [
          356.12,
          242.16
        ],
        [
          356.12,
          45.89
        ]
      ],
      "polygon_normalized": [
        [
          0.440625,
          0.168716
        ],
        [
          0.440625,
          0.18233
        ],
        [
          0.439063,
          0.184599
        ],
        [
          0.439063,
          0.189137
        ],
        [
          0.440625,
          0.191406
        ],
        [
          0.440625,
          0.332089
        ],
        [
          0.434375,
          0.341165
        ],
        [
          0.429688,
          0.341165
        ],
        [
          0.428125,
          0.343434
        ],
        [
          0.420312,
          0.343434
        ],
        [
          0.41875,
          0.345703
        ],
        [
          0.4125,
          0.345703
        ],
        [
          0.410938,
          0.343434
        ],
        [
          0.403125,
          0.343434
        ],
        [
          0.401562,
          0.345703
        ],
        [
          0.4,
          0.345703
        ],
        [
          0.396875,
          0.350241
        ],
        [
          0.396875,
          0.443273
        ],
        [
          0.398438,
          0.445542
        ],
        [
          0.398438,
          0.513614
        ],
        [
          0.395313,
          0.518153
        ],
        [
          0.39375,
          0.518153
        ],
        [
          0.392188,
          0.520422
        ],
        [
          0.36875,
          0.520422
        ],
        [
          0.367188,
          0.518153
        ],
        [
          0.275,
          0.518153
        ],
        [
          0.273438,
          0.515884
        ],
        [
          0.240625,
          0.515884
        ],
        [
          0.239063,
          0.518153
        ],
        [
          0.221875,
          0.518153
        ],
        [
          0.221875,
          0.89028
        ],
        [
          0.326562,
          0.89028
        ],
        [
          0.328125,
          0.888011
        ],
        [
          0.885938,
          0.888011
        ],
        [
          0.8875,
          0.89028
        ],
        [
          0.901563,
          0.89028
        ],
        [
          0.901563,
          0.168716
        ]
      ],
      "roof_area_sqm": 28.2,
      "usable_area_sqm": 19.8,
      "bbox_width_m": 4.9,
      "bbox_height_m": 6.7,
      "inclination_deg": 10,
      "inclination_label": "Low slope (~10 deg)",
      "solar_metrics": {
        "roof_area_sqm": 28.2,
        "usable_area_sqm": 19.8,
        "num_panels": 9,
        "system_kw": 3.6,
        "daily_kwh": 15.84,
        "annual_kwh": 5782,
        "total_cost_inr": 162000,
        "annual_savings_inr": 46256,
        "payback_years": 3.5,
        "net_profit_25yr_inr": 922156,
        "roi_percent": 569.2,
        "annual_co2_kg": 4741,
        "trees_equivalent": 217,
        "inclination_deg": 10,
        "inclination_label": "Low slope (~10 deg)",
        "feasibility": "MODERATELY FEASIBLE",
        "feasibility_color": "orange",
        "feasibility_score": 2
      },
      "yearly_savings_inr": [
        46025,
        45795,
        45566,
        45338,
        45111,
        44886,
        44661,
        44438,
        44216,
        43995,
        43775,
        43556,
        43338,
        43121,
        42906,
        42691,
        42478,
        42265,
        42054,
        41844,
        41634,
        41426,
        41219,
        41013,
        40808
      ]
    }
  ]
}