{
  "image": "Screenshot 2025-09-30 021851_png.rf.Vy2UkSTPK3k9aX3Fl53x.png",
  "image_width": 441,
  "image_height": 246,
  "model_used": "C:\\Users\\harsh\\Videos\\AI for bharat\\runs\\rooftop_seg\\weights\\best.pt",
  "total_rooftops": 1,
  "total_roof_area_sqm": 40.0,
  "rooftops": [
    {
      "id": 1,
      "polygon_pixels": [
        [
          48.23,
          11.37
        ],
        [
          48.23,
          217.4
        ],
        [
          115.07,
          217.4
        ],
        [
          115.07,
          215.33
        ],
        [
          115.76,
          214.65
        ],
        [
          128.17,
          214.65
        ],
        [
          128.85,
          213.96
        ],
        [
          157.11,
          213.96
        ],
        [
          157.8,
          214.65
        ],
        [
          176.4,
          214.65
        ],
        [
          177.09,
          215.33
        ],
        [
          177.09,
          217.4
        ],
        [
          262.53,
          217.4
        ],
        [
          262.53,
          215.33
        ],
        [
          263.22,
          214.65
        ],
        [
          290.1,
          214.65
        ],
        [
          290.78,
          215.33
        ],
        [
          290.78,
          217.4
        ],
        [
          316.28,
          217.4
        ],
        [
          316.28,
          213.96
        ],
        [
          316.97,
          213.27
        ],
        [
          316.97,
          125.07
        ],
        [
          317.66,
          124.38
        ],
        [
          317.66,
          122.31
        ],
        [
          319.72,
          120.24
        ],
        [
          322.48,
          120.24
        ],
        [
          323.17,
          119.55
        ],
        [
          329.37,
          119.55
        ],
        [
          330.06,
          118.87
        ],
        [
          338.33,
          118.87
        ],
        [
          339.02,
          118.18
        ],
        [
          346.6,
          118.18
        ],
        [
          347.29,
          117.49
        ],
        [
          387.94,
          117.49
        ],
        [
          388.63,
          118.18
        ],
        [
          400.35,
          118.18
        ],
        [
          400.35,
          11.37
        ]
      ],
      "polygon_normalized": [
        [
          0.109375,
          0.046227
        ],
        [
          0.109375,
          0.883746
        ],
        [
          0.260937,
          0.883746
        ],
        [
          0.260937,
          0.875343
        ],
        [
          0.2625,
          0.872542
        ],
        [
          0.290625,
          0.872542
        ],
        [
          0.292188,
          0.869741
        ],
        [
          0.35625,
          0.869741
        ],
        [
          0.357812,
          0.872542
        ],
        [
          0.4,
          0.872542
        ],
        [
          0.401562,
          0.875343
        ],
        [
          0.401562,
          0.883746
        ],
        [
          0.595312,
          0.883746
        ],
        [
          0.595312,
          0.875343
        ],
        [
          0.596875,
          0.872542
        ],
        [
          0.657812,
          0.872542
        ],
        [
          0.659375,
          0.875343
        ],
        [
          0.659375,
          0.883746
        ],
        [
          0.717187,
          0.883746
        ],
        [
          0.717187,
          0.869741
        ],
        [
          0.71875,
          0.86694
        ],
        [
          0.71875,
          0.508403
        ],
        [
          0.720312,
          0.505602
        ],
        [
          0.720312,
          0.497199
        ],
        [
          0.725,
          0.488796
        ],
        [
          0.73125,
          0.488796
        ],
        [
          0.732812,
          0.485995
        ],
        [
          0.746875,
          0.485995
        ],
        [
          0.748437,
          0.483194
        ],
        [
          0.767187,
          0.483194
        ],
        [
          0.76875,
          0.480393
        ],
        [
          0.785937,
          0.480393
        ],
        [
          0.7875,
          0.477591
        ],
        [
          0.879687,
          0.477591
        ],
        [
          0.88125,
          0.480393
        ],
        [
          0.907812,
          0.480393
        ],
        [
          0.907812,
          0.046227
        ]
      ],
      "roof_area_sqm": 40.0,
      "usable_area_sqm": 28.0,
      "bbox_width_m": 5.2,
      "bbox_height_m": 8.8,
      "inclination_deg": 10,
      "inclination_label": "Low slope (~10 deg)",
      "solar_metrics": {
        "roof_area_sqm": 40.0,
        "usable_area_sqm": 28.0,
        "num_panels": 14,
        "system_kw": 5.6,
        "daily_kwh": 24.64,
        "annual_kwh": 8994,
        "total_cost_inr": 251999,
        "annual_savings_inr": 71952,
        "payback_years": 3.5,
        "net_profit_25yr_inr": 1434424,
        "roi_percent": 569.2,
        "annual_co2_kg": 7375,
        "trees_equivalent": 338,
        "inclination_deg": 10,
        "inclination_label": "Low slope (~10 deg)",
        "feasibility": "HIGHLY FEASIBLE",
        "feasibility_color": "green",
        "feasibility_score": 3
      },
      "yearly_savings_inr": [
        71592,
        71234,
        70878,
        70524,
        70171,
        69820,
        69471,
        69124,
        68778,
        68434,
        68092,
        67752,
        67413,
        67076,
        66740,
        66407,
        66075,
        65744,
        65416,
        65089,
        64763,
        64439,
        64117,
        63796,
        63478
      ]
    }
  ]
}