{
  "image": "Screenshot 2025-10-10 175008_png.rf.ai93bpmo1ck49xHbT7Zp.png",
  "image_width": 410,
  "image_height": 684,
  "model_used": "C:\\Users\\harsh\\Videos\\AI for bharat\\runs\\rooftop_seg\\weights\\best.pt",
  "total_rooftops": 2,
  "total_roof_area_sqm": 71.5,
  "rooftops": [
    {
      "id": 1,
      "polygon_pixels": [
        [
          104.54,
          356.96
        ],
        [
          104.54,
          619.88
        ],
        [
          266.99,
          619.88
        ],
        [
          268.06,
          618.81
        ],
        [
          319.36,
          618.81
        ],
        [
          320.42,
          617.74
        ],
        [
          321.49,
          617.74
        ],
        [
          322.56,
          616.67
        ],
        [
          325.77,
          616.67
        ],
        [
          325.77,
          356.96
        ]
      ],
      "polygon_normalized": [
        [
          0.25497,
          0.521875
        ],
        [
          0.25497,
          0.90625
        ],
        [
          0.651189,
          0.90625
        ],
        [
          0.653796,
          0.904688
        ],
        [
          0.778918,
          0.904688
        ],
        [
          0.781524,
          0.903125
        ],
        [
          0.784131,
          0.903125
        ],
        [
          0.786738,
          0.901563
        ],
        [
          0.794558,
          0.901563
        ],
        [
          0.794558,
          0.521875
        ]
      ],
      "roof_area_sqm": 36.3,
      "usable_area_sqm": 25.4,
      "bbox_width_m": 6.6,
      "bbox_height_m": 5.5,
      "inclination_deg": 0,
      "inclination_label": "Flat (0 deg)",
      "solar_metrics": {
        "roof_area_sqm": 36.3,
        "usable_area_sqm": 25.4,
        "num_panels": 12,
        "system_kw": 4.8,
        "daily_kwh": 21.12,
        "annual_kwh": 7709,
        "total_cost_inr": 216000,
        "annual_savings_inr": 61672,
        "payback_years": 3.5,
        "net_profit_25yr_inr": 1229478,
        "roi_percent": 569.2,
        "annual_co2_kg": 6321,
        "trees_equivalent": 290,
        "inclination_deg": 0,
        "inclination_label": "Flat (0 deg)",
        "feasibility": "HIGHLY FEASIBLE",
        "feasibility_color": "green",
        "feasibility_score": 3
      },
      "yearly_savings_inr": [
        61364,
        61057,
        60752,
        60448,
        60146,
        59845,
        59546,
        59248,
        58952,
        58657,
        58364,
        58072,
        57781,
        57492,
        57205,
        56919,
        56634,
        56351,
        56069,
        55789,
        55510,
        55233,
        54956,
        54682,
        54408
      ]
    },
    {
      "id": 2,
      "polygon_pixels": [
        [
          171.87,
          36.34
        ],
        [
          171.87,
          58.78
        ],
        [
          170.8,
          59.85
        ],
        [
          170.8,
          83.36
        ],
        [
          169.73,
          84.43
        ],
        [
          169.73,
          97.26
        ],
        [
          168.66,
          98.32
        ],
        [
          168.66,
          112.22
        ],
        [
          167.59,
          113.29
        ],
        [
          167.59,
          121.84
        ],
        [
          166.52,
          122.91
        ],
        [
          166.52,
          126.11
        ],
        [
          164.39,
          128.25
        ],
        [
          151.56,
          128.25
        ],
        [
          150.49,
          129.32
        ],
        [
          129.12,
          129.32
        ],
        [
          128.05,
          130.39
        ],
        [
          115.22,
          130.39
        ],
        [
          114.16,
          131.46
        ],
        [
          104.54,
          131.46
        ],
        [
          104.54,
          292.84
        ],
        [
          112.02,
          292.84
        ],
        [
          113.09,
          291.77
        ],
        [
          122.71,
          291.77
        ],
        [
          123.78,
          292.84
        ],
        [
          128.05,
          292.84
        ],
        [
          129.12,
          291.77
        ],
        [
          188.97,
          291.77
        ],
        [
          190.04,
          292.84
        ],
        [
          300.12,
          292.84
        ],
        [
          301.19,
          291.77
        ],
        [
          330.04,
          291.77
        ],
        [
          331.11,
          290.7
        ],
        [
          338.59,
          290.7
        ],
        [
          339.66,
          289.63
        ],
        [
          339.66,
          288.56
        ],
        [
          340.73,
          287.49
        ],
        [
          340.73,
          253.29
        ],
        [
          341.8,
          252.22
        ],
        [
          341.8,
          247.95
        ],
        [
          340.73,
          246.88
        ],
        [
          340.73,
          242.61
        ],
        [
          341.8,
          241.54
        ],
        [
          341.8,
          239.4
        ],
        [
          343.94,
          237.26
        ],
        [
          346.08,
          237.26
        ],
        [
          349.28,
          234.06
        ],
        [
          349.28,
          219.09
        ],
        [
          350.35,
          218.02
        ],
        [
          350.35,
          36.34
        ]
      ],