{
  "image": "Screenshot 2025-09-30 021927_png.rf.6Se8z5kfA8CT5eZH6acX.png",
  "image_width": 250,
  "image_height": 444,
  "model_used": "C:\\Users\\harsh\\Videos\\AI for bharat\\runs\\rooftop_seg\\weights\\best.pt",
  "total_rooftops": 1,
  "total_roof_area_sqm": 43.1,
  "rooftops": [
    {
      "id": 1,
      "polygon_pixels": [
        [
          23.71,
          34.69
        ],
        [
          23.71,
          362.14
        ],
        [
          25.79,
          362.14
        ],
        [
          26.49,
          362.83
        ],
        [
          32.73,
          362.83
        ],
        [
          33.42,
          363.52
        ],
        [
          54.93,
          363.52
        ],
        [
          55.63,
          362.83
        ],
        [
          116.67,
          362.83
        ],
        [
          117.37,
          363.52
        ],
        [
          118.06,
          363.52
        ],
        [
          118.76,
          364.22
        ],
        [
          118.76,
          371.16
        ],
        [
          118.06,
          371.85
        ],
        [
          118.06,
          377.4
        ],
        [
          118.76,
          378.09
        ],
        [
          118.76,
          378.79
        ],
        [
          119.45,
          379.48
        ],
        [
          120.14,
          379.48
        ],
        [
          120.84,
          380.18
        ],
        [
          135.41,
          380.18
        ],
        [
          136.1,
          379.48
        ],
        [
          183.27,
          379.48
        ],
        [
          183.97,
          378.79
        ],
        [
          206.86,
          378.79
        ],
        [
          207.56,
          379.48
        ],
        [
          213.11,
          379.48
        ],
        [
          213.8,
          380.18
        ],
        [
          223.51,
          380.18
        ],
        [
          224.21,
          379.48
        ],
        [
          224.9,
          379.48
        ],
        [
          225.59,
          378.79
        ],
        [
          228.37,
          378.79
        ],
        [
          228.37,
          34.69
        ]
      ],
      "polygon_normalized": [
        [
          0.09485,
          0.078125
        ],
        [
          0.09485,
          0.815625
        ],
        [
          0.103175,
          0.815625
        ],
        [
          0.10595,
          0.817188
        ],
        [
          0.130925,
          0.817188
        ],
        [
          0.1337,
          0.81875
        ],
        [
          0.219725,
          0.81875
        ],
        [
          0.2225,
          0.817188
        ],
        [
          0.4667,
          0.817188
        ],
        [
          0.469475,
          0.81875
        ],
        [
          0.47225,
          0.81875
        ],
        [
          0.475025,
          0.820312
        ],
        [
          0.475025,
          0.835938
        ],
        [
          0.47225,
          0.8375
        ],
        [
          0.47225,
          0.85
        ],
        [
          0.475025,
          0.851562
        ],
        [
          0.475025,
          0.853125
        ],
        [
          0.4778,
          0.854688
        ],
        [
          0.480575,
          0.854688
        ],
        [
          0.48335,
          0.85625
        ],
        [
          0.541625,
          0.85625
        ],
        [
          0.5444,
          0.854688
        ],
        [
          0.7331,
          0.854688
        ],
        [
          0.735875,
          0.853125
        ],
        [
          0.82745,
          0.853125
        ],
        [
          0.830225,
          0.854688
        ],
        [
          0.852425,
          0.854688
        ],
        [
          0.8552,
          0.85625
        ],
        [
          0.89405,
          0.85625
        ],
        [
          0.896825,
          0.854688
        ],
        [
          0.8996,
          0.854688
        ],
        [
          0.902375,
          0.853125
        ],
        [
          0.913475,
          0.853125
        ],
        [
          0.913475,
          0.078125
        ]
      ],
      "roof_area_sqm": 43.1,
      "usable_area_sqm": 30.2,
      "bbox_width_m": 8.6,
      "bbox_height_m": 5.1,
      "inclination_deg": 10,
      "inclination_label": "Low slope (~10 deg)",
      "solar_metrics": {
        "roof_area_sqm": 43.1,
        "usable_area_sqm": 30.2,
        "num_panels": 15,
        "system_kw": 6.0,
        "daily_kwh": 26.4,
        "annual_kwh": 9636,
        "total_cost_inr": 270000,
        "annual_savings_inr": 77088,
        "payback_years": 3.5,
        "net_profit_25yr_inr": 1536801,
        "roi_percent": 569.2,
        "annual_co2_kg": 7901,
        "trees_equivalent": 362,
        "inclination_deg": 10,
        "inclination_label": "Low slope (~10 deg)",
        "feasibility": "HIGHLY FEASIBLE",
        "feasibility_color": "green",
        "feasibility_score": 3
      },
      "yearly_savings_inr": [
        76703,
        76319,
        75937,
        75558,
        75180,
        74804,
        74430,
        74058,
        73688,
        73319,
        72953,
        72588,
        72225,
        71864,
        71504,
        71147,
        70791,
        70437,
        70085,
        69735,
        69386,
        69039,
        68694,
        68350,
        68009
      ]
    }
  ]
}