{
  "image": "Screenshot 2025-10-10 175239_png.rf.8ESTs4EijcnVMHenSUo3.png",
  "image_width": 829,
  "image_height": 559,
  "model_used": "C:\\Users\\harsh\\Videos\\AI for bharat\\runs\\rooftop_seg\\weights\\best.pt",
  "total_rooftops": 2,
  "total_roof_area_sqm": 68.9,
  "rooftops": [
    {
      "id": 1,
      "polygon_pixels": [
        [
          531.08,
          126.65
        ],
        [
          531.08,
          418.1
        ],
        [
          537.55,
          418.1
        ],
        [
          538.85,
          419.39
        ],
        [
          547.92,
          419.39
        ],
        [
          549.21,
          418.1
        ],
        [
          588.07,
          418.1
        ],
        [
          589.37,
          416.8
        ],
        [
          617.86,
          416.8
        ],
        [
          619.16,
          415.51
        ],
        [
          625.64,
          415.51
        ],
        [
          626.93,
          414.21
        ],
        [
          629.52,
          414.21
        ],
        [
          633.41,
          410.33
        ],
        [
          634.7,
          410.33
        ],
        [
          636.0,
          409.03
        ],
        [
          638.59,
          409.03
        ],
        [
          639.88,
          407.74
        ],
        [
          731.85,
          407.74
        ],
        [
          731.85,
          269.14
        ],
        [
          727.97,
          269.14
        ],
        [
          726.67,
          267.84
        ],
        [
          726.67,
          262.66
        ],
        [
          725.38,
          261.37
        ],
        [
          725.38,
          236.75
        ],
        [
          724.08,
          235.46
        ],
        [
          724.08,
          146.08
        ],
        [
          722.78,
          144.79
        ],
        [
          722.78,
          137.02
        ],
        [
          724.08,
          135.72
        ],
        [
          724.08,
          126.65
        ]
      ],
      "polygon_normalized": [
        [
          0.640625,
          0.226571
        ],
        [
          0.640625,
          0.74794
        ],
        [
          0.648438,
          0.74794
        ],
        [
          0.65,
          0.750257
        ],
        [
          0.660937,
          0.750257
        ],
        [
          0.6625,
          0.74794
        ],
        [
          0.709375,
          0.74794
        ],
        [
          0.710938,
          0.745623
        ],
        [
          0.745312,
          0.745623
        ],
        [
          0.746875,
          0.743306
        ],
        [
          0.754687,
          0.743306
        ],
        [
          0.75625,
          0.740988
        ],
        [
          0.759375,
          0.740988
        ],
        [
          0.764062,
          0.734037
        ],
        [
          0.765625,
          0.734037
        ],
        [
          0.767187,
          0.73172
        ],
        [
          0.770312,
          0.73172
        ],
        [
          0.771875,
          0.729402
        ],
        [
          0.882812,
          0.729402
        ],
        [
          0.882812,
          0.481462
        ],
        [
          0.878125,
          0.481462
        ],
        [
          0.876562,
          0.479145
        ],
        [
          0.876562,
          0.469876
        ],
        [
          0.875,
          0.467559
        ],
        [
          0.875,
          0.423533
        ],
        [
          0.873437,
          0.421215
        ],
        [
          0.873437,
          0.261329
        ],
        [
          0.871875,
          0.259012
        ],
        [
          0.871875,
          0.245108
        ],
        [
          0.873437,
          0.242791
        ],
        [
          0.873437,
          0.226571
        ]
      ],
      "roof_area_sqm": 35.2,
      "usable_area_sqm": 24.7,
      "bbox_width_m": 7.3,
      "bbox_height_m": 5.0,
      "inclination_deg": 10,
      "inclination_label": "Low slope (~10 deg)",
      "solar_metrics": {
        "roof_area_sqm": 35.2,
        "usable_area_sqm": 24.7,
        "num_panels": 12,
        "system_kw": 4.8,
        "daily_kwh": 21.12,
        "annual_kwh": 7709,
        "total_cost_inr": 216000,
        "annual_savings_inr": 61672,
        "payback_years": 3.5,
        "net_profit_25yr_inr": 1229478,
        "roi_percent": 569.2,
        "annual_co2_kg": 6321,
        "trees_equivalent": 290,
        "inclination_deg": 10,
        "inclination_label": "Low slope (~10 deg)",
        "feasibility": "HIGHLY FEASIBLE",
        "feasibility_color": "green",
        "feasibility_score": 3
      },
      "yearly_savings_inr": [
        61364,
        61057,
        60752,
        60448,
        60146,
        59845,
        59546,
        59248,
        58952,
        58657,
        58364,
        58072,
        57781,
        57492,
        57205,
        56919,
        56634,
        56351,
        56069,
        55789,
        55510,
        55233,
        54956,
        54682,
        54408
      ]
    },
    {
      "id": 2,
      "polygon_pixels": [
        [
          208.55,
          178.47
        ],
        [
          208.55,
          208.26
        ],
        [
          207.25,
          209.55
        ],
        [
          207.25,
          223.8
        ],
        [
          204.66,
          226.39
        ],
        [
          198.18,
          226.39
        ],
        [
          196.89,
          227.69
        ],
        [
          168.39,
          227.69
        ],
        [
          167.1,
          226.39
        ],
        [
          158.03,
          226.39
        ],
        [
          158.03,
          434.94
        ],
        [
          205.95,
          434.94
        ],
        [
          207.25,
          433.64
        ],
        [
          287.56,
          433.64
        ],
        [
          291.45,
          437.53
        ],
        [
          291.45,
          441.41
        ],
        [
          395.07,
          441.41
        ],
        [
          395.07,
          304.11
        ],
        [
          391.18,
          304.11
        ],
        [
          389.89,
          302.82
        ],
        [
          389.89,
          289.86
        ],
        [
          388.59,
          288.57
        ],
        [
          388.59,
          253.59
        ],
        [
          387.3,
          252.3
        ],
        [
          387.3,
          239.35
        ],
        [
          388.59,
          238.05
        ],
        [
          388.59,
          232.87
        ],
        [
          387.3,
          231.57
        ],
        [
          387.3,
          225.1
        ],
        [
          384.71,
          222.51
        ],
        [
          343.26,
          222.51
        ],
        [
          341.96,
          223.8
        ],
        [
          312.17,
          223.8
        ],
        [
          310.88,
          225.1
        ],
        [
          297.92,
          225.1
        ],
        [
          295.33,
          222.51
        ],
        [
          295.33,
          221.21
        ],
        [
          294.04,
          219.92
        ],
        [
          294.04,
          178.47
        ]
      ],