{
  "image": "Screenshot 2025-10-10 174946_png.rf.9vk3RlLoV2qegbTKibvK.png",
  "image_width": 471,
  "image_height": 589,
  "model_used": "C:\\Users\\harsh\\Videos\\AI for bharat\\runs\\rooftop_seg\\weights\\best.pt",
  "total_rooftops": 2,
  "total_roof_area_sqm": 62.2,
  "rooftops": [
    {
      "id": 1,
      "polygon_pixels": [
        [
          130.58,
          12.88
        ],
        [
          130.58,
          214.43
        ],
        [
          369.87,
          214.43
        ],
        [
          369.87,
          207.07
        ],
        [
          370.79,
          206.15
        ],
        [
          370.79,
          133.45
        ],
        [
          371.71,
          132.52
        ],
        [
          371.71,
          107.68
        ],
        [
          369.87,
          105.84
        ],
        [
          307.28,
          105.84
        ],
        [
          306.36,
          104.92
        ],
        [
          306.36,
          95.71
        ],
        [
          307.28,
          94.79
        ],
        [
          307.28,
          69.02
        ],
        [
          306.36,
          68.1
        ],
        [
          306.36,
          56.14
        ],
        [
          307.28,
          55.22
        ],
        [
          307.28,
          31.29
        ],
        [
          306.36,
          30.37
        ],
        [
          306.36,
          20.25
        ],
        [
          307.28,
          19.33
        ],
        [
          307.28,
          12.88
        ]
      ],
      "polygon_normalized": [
        [
          0.277249,
          0.021875
        ],
        [
          0.277249,
          0.364063
        ],
        [
          0.785277,
          0.364063
        ],
        [
          0.785277,
          0.351562
        ],
        [
          0.787231,
          0.35
        ],
        [
          0.787231,
          0.226562
        ],
        [
          0.789185,
          0.225
        ],
        [
          0.789185,
          0.182812
        ],
        [
          0.785277,
          0.179688
        ],
        [
          0.652408,
          0.179688
        ],
        [
          0.650454,
          0.178125
        ],
        [
          0.650454,
          0.1625
        ],
        [
          0.652408,
          0.160938
        ],
        [
          0.652408,
          0.117188
        ],
        [
          0.650454,
          0.115625
        ],
        [
          0.650454,
          0.095312
        ],
        [
          0.652408,
          0.09375
        ],
        [
          0.652408,
          0.053125
        ],
        [
          0.650454,
          0.051563
        ],
        [
          0.650454,
          0.034375
        ],
        [
          0.652408,
          0.032813
        ],
        [
          0.652408,
          0.021875
        ]
      ],
      "roof_area_sqm": 26.6,
      "usable_area_sqm": 18.6,
      "bbox_width_m": 5.0,
      "bbox_height_m": 6.0,
      "inclination_deg": 0,
      "inclination_label": "Flat (0 deg)",
      "solar_metrics": {
        "roof_area_sqm": 26.6,
        "usable_area_sqm": 18.6,
        "num_panels": 9,
        "system_kw": 3.6,
        "daily_kwh": 15.84,
        "annual_kwh": 5782,
        "total_cost_inr": 162000,
        "annual_savings_inr": 46256,
        "payback_years": 3.5,
        "net_profit_25yr_inr": 922156,
        "roi_percent": 569.2,
        "annual_co2_kg": 4741,
        "trees_equivalent": 217,
        "inclination_deg": 0,
        "inclination_label": "Flat (0 deg)",
        "feasibility": "MODERATELY FEASIBLE",
        "feasibility_color": "orange",
        "feasibility_score": 2
      },
      "yearly_savings_inr": [
        46025,
        45795,
        45566,
        45338,
        45111,
        44886,
        44661,
        44438,
        44216,
        43995,
        43775,
        43556,
        43338,
        43121,
        42906,
        42691,
        42478,
        42265,
        42054,
        41844,
        41634,
        41426,
        41219,
        41013,
        40808
      ]
    },
    {
      "id": 2,
      "polygon_pixels": [
        [
          156.35,
          296.34
        ],
        [
          156.35,
          560.47
        ],
        [
          162.8,
          560.47
        ],
        [
          163.72,
          559.55
        ],
        [
          195.01,
          559.55
        ],
        [
          195.93,
          560.47
        ],
        [
          256.67,
          560.47
        ],
        [
          257.59,
          561.39
        ],
        [
          257.59,
          564.15
        ],
        [
          368.95,
          564.15
        ],
        [
          368.95,
          561.39
        ],
        [
          369.87,
          560.47
        ],
        [
          369.87,
          558.63
        ],
        [
          370.79,
          557.71
        ],
        [
          370.79,
          502.49
        ],
        [
          369.87,
          501.57
        ],
        [
          369.87,
          435.31
        ],
        [
          370.79,
          434.39
        ],
        [
          370.79,
          401.26
        ],
        [
          369.87,
          400.34
        ],
        [
          369.87,
          349.72
        ],
        [
          370.79,
          348.8
        ],
        [
          370.79,
          296.34
        ]
      ],
      "polygon_normalized": [
        [
          0.33196,
          0.503125
        ],
        [
          0.33196,
          0.951563
        ],
        [
          0.345638,
          0.951563
        ],
        [
          0.347592,
          0.95
        ],
        [
          0.414026,
          0.95
        ],
        [
          0.41598,
          0.951563
        ],
        [
          0.544941,
          0.951563
        ],
        [
          0.546895,
          0.953125
        ],
        [
          0.546895,
          0.957812
        ],
        [
          0.783323,
          0.957812
        ],
        [
          0.783323,
          0.953125
        ],
        [
          0.785277,
          0.951563
        ],
        [
          0.785277,
          0.948438
        ],
        [
          0.787231,
          0.946875
        ],
        [
          0.787231,
          0.853125
        ],
        [
          0.785277,
          0.851562
        ],
        [
          0.785277,
          0.739062
        ],
        [
          0.787231,
          0.7375
        ],
        [
          0.787231,
          0.68125
        ],
        [
          0.785277,
          0.679688
        ],
        [
          0.785277,
          0.59375
        ],
        [
          0.787231,
          0.592187
        ],
        [
          0.787231,
          0.503125
        ]
      ],
      "roof_area_sqm": 35.6,
      "usable_area_sqm": 24.9,
      "bbox_width_m": 6.7,
      "bbox_height_m": 5.4,
      "inclination_deg": 0,
      "inclination_label": "Flat (0 deg)",
      "solar_metrics": {
        "roof_area_sqm": 35.6,
        "usable_area_sqm": 24.9,
        "num_panels": 12,
        "system_kw": 4.8,
        "daily_kwh": 21.12,
        "annual_kwh": 7709,
        "total_cost_inr": 216000,
        "annual_savings_inr": 61672,
        "payback_years": 3.5,
        "net_profit_25yr_inr": 1229478,
        "roi_percent": 569.2,
        "annual_co2_kg": 6321,
        "trees_equivalent": 290,
        "inclination_deg": 0,
        "inclination_label": "Flat (0 deg)",
        "feasibility": "HIGHLY FEASIBLE",
        "feasibility_color": "green",
        "feasibility_score": 3
      },