{
  "image": "Screenshot 2025-10-10 175015_png.rf.AlNak0IeovdW0XwBPOnI.png",
  "image_width": 849,
  "image_height": 473,
  "model_used": "C:\\Users\\harsh\\Videos\\AI for bharat\\runs\\rooftop_seg\\weights\\best.pt",
  "total_rooftops": 2,
  "total_roof_area_sqm": 83.3,
  "rooftops": [
    {
      "id": 1,
      "polygon_pixels": [
        [
          464.3,
          148.95
        ],
        [
          464.3,
          367.83
        ],
        [
          480.22,
          367.83
        ],
        [
          481.54,
          369.16
        ],
        [
          596.95,
          369.16
        ],
        [
          598.28,
          367.83
        ],
        [
          602.26,
          367.83
        ],
        [
          603.59,
          366.5
        ],
        [
          608.89,
          366.5
        ],
        [
          610.22,
          365.18
        ],
        [
          618.18,
          365.18
        ],
        [
          619.5,
          363.85
        ],
        [
          636.75,
          363.85
        ],
        [
          638.08,
          365.18
        ],
        [
          642.06,
          365.18
        ],
        [
          643.38,
          366.5
        ],
        [
          644.71,
          366.5
        ],
        [
          646.04,
          367.83
        ],
        [
          648.69,
          367.83
        ],
        [
          650.02,
          369.16
        ],
        [
          655.32,
          369.16
        ],
        [
          656.65,
          370.48
        ],
        [
          659.3,
          370.48
        ],
        [
          660.63,
          371.81
        ],
        [
          660.63,
          374.46
        ],
        [
          663.28,
          377.12
        ],
        [
          663.28,
          381.1
        ],
        [
          733.59,
          381.1
        ],
        [
          733.59,
          148.95
        ]
      ],
      "polygon_normalized": [
        [
          0.546875,
          0.314898
        ],
        [
          0.546875,
          0.777653
        ],
        [
          0.565625,
          0.777653
        ],
        [
          0.567187,
          0.780457
        ],
        [
          0.703125,
          0.780457
        ],
        [
          0.704687,
          0.777653
        ],
        [
          0.709375,
          0.777653
        ],
        [
          0.710938,
          0.774848
        ],
        [
          0.717187,
          0.774848
        ],
        [
          0.71875,
          0.772043
        ],
        [
          0.728125,
          0.772043
        ],
        [
          0.729688,
          0.769239
        ],
        [
          0.75,
          0.769239
        ],
        [
          0.751562,
          0.772043
        ],
        [
          0.75625,
          0.772043
        ],
        [
          0.757812,
          0.774848
        ],
        [
          0.759375,
          0.774848
        ],
        [
          0.760938,
          0.777653
        ],
        [
          0.764062,
          0.777653
        ],
        [
          0.765625,
          0.780457
        ],
        [
          0.771875,
          0.780457
        ],
        [
          0.773438,
          0.783262
        ],
        [
          0.776563,
          0.783262
        ],
        [
          0.778125,
          0.786066
        ],
        [
          0.778125,
          0.791675
        ],
        [
          0.78125,
          0.797285
        ],
        [
          0.78125,
          0.805698
        ],
        [
          0.864062,
          0.805698
        ],
        [
          0.864062,
          0.314898
        ]
      ],
      "roof_area_sqm": 37.5,
      "usable_area_sqm": 26.2,
      "bbox_width_m": 5.8,
      "bbox_height_m": 6.7,
      "inclination_deg": 0,
      "inclination_label": "Flat (0 deg)",
      "solar_metrics": {
        "roof_area_sqm": 37.5,
        "usable_area_sqm": 26.2,
        "num_panels": 13,
        "system_kw": 5.2,
        "daily_kwh": 22.88,
        "annual_kwh": 8351,
        "total_cost_inr": 234000,
        "annual_savings_inr": 66808,
        "payback_years": 3.5,
        "net_profit_25yr_inr": 1331857,
        "roi_percent": 569.2,
        "annual_co2_kg": 6847,
        "trees_equivalent": 314,
        "inclination_deg": 0,
        "inclination_label": "Flat (0 deg)",
        "feasibility": "HIGHLY FEASIBLE",
        "feasibility_color": "green",
        "feasibility_score": 3
      },
      "yearly_savings_inr": [
        66474,
        66142,
        65811,
        65482,
        65154,
        64829,
        64505,
        64182,
        63861,
        63542,
        63224,
        62908,
        62593,
        62280,
        61969,
        61659,
        61351,
        61044,
        60739,
        60435,
        60133,
        59832,
        59533,
        59236,
        58939
      ]
    },
    {
      "id": 2,