{
  "image": "Screenshot-2024-09-06-013344_png.rf.bf73833eb2ef551c460102b147525404.jpg",
  "image_width": 482,
  "image_height": 461,
  "model_used": "C:\\Users\\harsh\\Videos\\AI for bharat\\runs\\rooftop_seg\\weights\\best.pt",
  "total_rooftops": 1,
  "total_roof_area_sqm": 126.6,
  "rooftops": [
    {
      "id": 1,
      "polygon_pixels": [
        [
          19.58,
          6.07
        ],
        [
          19.58,
          424.81
        ],
        [
          21.84,
          424.81
        ],
        [
          24.1,
          427.07
        ],
        [
          24.1,
          427.82
        ],
        [
          25.61,
          429.33
        ],
        [
          25.61,
          430.08
        ],
        [
          26.36,
          430.83
        ],
        [
          26.36,
          431.58
        ],
        [
          27.11,
          432.34
        ],
        [
          27.11,
          433.09
        ],
        [
          27.87,
          433.84
        ],
        [
          27.87,
          434.6
        ],
        [
          28.62,
          435.35
        ],
        [
          28.62,
          436.1
        ],
        [
          30.12,
          437.61
        ],
        [
          30.12,
          438.36
        ],
        [
          32.38,
          440.62
        ],
        [
          32.38,
          442.13
        ],
        [
          33.14,
          442.88
        ],
        [
          33.14,
          445.14
        ],
        [
          481.25,
          445.14
        ],
        [
          481.25,
          6.07
        ]
      ],
      "polygon_normalized": [
        [
          0.040625,
          0.013164
        ],
        [
          0.040625,
          0.921489
        ],
        [
          0.045312,
          0.921489
        ],
        [
          0.05,
          0.92639
        ],
        [
          0.05,
          0.928023
        ],
        [
          0.053125,
          0.931291
        ],
        [
          0.053125,
          0.932924
        ],
        [
          0.054688,
          0.934558
        ],
        [
          0.054688,
          0.936192
        ],
        [
          0.05625,
          0.937825
        ],
        [
          0.05625,
          0.939459
        ],
        [
          0.057812,
          0.941093
        ],
        [
          0.057812,
          0.942726
        ],
        [
          0.059375,
          0.94436
        ],
        [
          0.059375,
          0.945994
        ],
        [
          0.0625,
          0.949261
        ],
        [
          0.0625,
          0.950895
        ],
        [
          0.067187,
          0.955796
        ],
        [
          0.067187,
          0.959063
        ],
        [
          0.06875,
          0.960697
        ],
        [
          0.06875,
          0.965598
        ],
        [
          0.998437,
          0.965598
        ],
        [
          0.998437,
          0.013164
        ]
      ],
      "roof_area_sqm": 126.6,
      "usable_area_sqm": 88.6,
      "bbox_width_m": 11.0,
      "bbox_height_m": 11.5,
      "inclination_deg": 0,
      "inclination_label": "Flat (0 deg)",
      "solar_metrics": {
        "roof_area_sqm": 126.6,
        "usable_area_sqm": 88.6,
        "num_panels": 44,
        "system_kw": 17.6,
        "daily_kwh": 77.44,
        "annual_kwh": 28266,
        "total_cost_inr": 792000,
        "annual_savings_inr": 226128,
        "payback_years": 3.5,
        "net_profit_25yr_inr": 4508026,
        "roi_percent": 569.2,
        "annual_co2_kg": 23178,
        "trees_equivalent": 1064,
        "inclination_deg": 0,
        "inclination_label": "Flat (0 deg)",
        "feasibility": "HIGHLY FEASIBLE",
        "feasibility_color": "green",
        "feasibility_score": 3
      },
      "yearly_savings_inr": [
        224997,
        223872,
        222753,
        221639,
        220531,
        219428,
        218331,
        217240,
        216153,
        215073,
        213997,
        212927,
        211863,
        210803,
        209749,
        208701,
        207657,
        206619,
        205586,
        204558,
        203535,
        202517,
        201505,
        200497,
        199495
      ]
    }
  ]
}